TOMBO,EQUIPAMENTO_CSV,ID_CLIENTE_LEGADO,ID_CLIENTE_NOVO,CONTRACT_ID_CSV,CONTRATO_RESOLVIDO,ITEM_CSV,DESC_ITEM_CSV,ITEM_RESOLVIDO_ID,STATUS_FINAL,MOTIVO_EXATO
79871,MULTIFUNCIONAL MONO EPSON WORKFORCE PRO WF-M5899 NS XC75010274,11192,214,18,18,IMPRESSORA MONOCROMÁTICO –  PÁGINAS A4,VAZIO,51,EXCEDENTE (IS_EXCHANGE),Item de contrato atrelado está com saldo zerado/negativo. Regra do EXCEDENTE aplicada.
64348,MULTIFUNCIONAL LASER MONO KYOCERA  ECOSYS MA5500IFX NS WDS3809861,10715,206,30,30,IMPRESSORA MONOCROMÁTICO –  PÁGINAS A4,VAZIO,76,EXCEDENTE (IS_EXCHANGE),Item de contrato atrelado está com saldo zerado/negativo. Regra do EXCEDENTE aplicada.
64350,MULTIFUNCIONAL LASER MONO KYOCERA  ECOSYS MA5500IFX NS WDS3809393,10715,206,30,30,IMPRESSORA MONOCROMÁTICO –  PÁGINAS A4,VAZIO,76,EXCEDENTE (IS_EXCHANGE),Item de contrato atrelado está com saldo zerado/negativo. Regra do EXCEDENTE aplicada.
64352,MULTIFUNCIONAL LASER MONO KYOCERA ECOSYS MA5500IFX NS WDS3809701,10715,206,30,30,IMPRESSORA MONOCROMÁTICO –  PÁGINAS A4,VAZIO,76,EXCEDENTE (IS_EXCHANGE),Item de contrato atrelado está com saldo zerado/negativo. Regra do EXCEDENTE aplicada.
64349,MULTIFUNCIONAL LASER MONO KYOCERA ECOSYS MA5500IFX NS WDS3809828,10715,206,30,30,IMPRESSORA MONOCROMÁTICO –  PÁGINAS A4,VAZIO,76,EXCEDENTE (IS_EXCHANGE),Item de contrato atrelado está com saldo zerado/negativo. Regra do EXCEDENTE aplicada.
64251,MULTIFUNCIONAL LASER MONO KYOCERA ECOSYS MA5500IFX NS WDS3810329,10715,206,30,30,IMPRESSORA MONOCROMÁTICO –  PÁGINAS A4,VAZIO,76,EXCEDENTE (IS_EXCHANGE),Item de contrato atrelado está com saldo zerado/negativo. Regra do EXCEDENTE aplicada.
64250,MULTIFUNCIONAL LASER MONO KYOCERA ECOSYS MA5500IFX NS WDS3809860,10715,206,30,30,IMPRESSORA MONOCROMÁTICO –  PÁGINAS A4,VAZIO,76,EXCEDENTE (IS_EXCHANGE),Item de contrato atrelado está com saldo zerado/negativo. Regra do EXCEDENTE aplicada.
64301,MULTIFUNCIONAL LASER MONO KYOCERA ECOSYS MA5500IFX NS WDS3809728,10715,206,30,30,IMPRESSORA MONOCROMÁTICO –  PÁGINAS A4,VAZIO,76,EXCEDENTE (IS_EXCHANGE),Item de contrato atrelado está com saldo zerado/negativo. Regra do EXCEDENTE aplicada.
64726,MULTIFUNCIONAL LASER MONO KYOCERA ECOSYS MA5500IFX NS WDS3809833,10715,206,30,30,IMPRESSORA MONOCROMÁTICO –  PÁGINAS A4,VAZIO,76,EXCEDENTE (IS_EXCHANGE),Item de contrato atrelado está com saldo zerado/negativo. Regra do EXCEDENTE aplicada.
64724,MULTIFUNCIONAL LASER MONO KYOCERA ECOSYS MA5500IFX NS WDS3809834,10715,206,30,30,IMPRESSORA MONOCROMÁTICO –  PÁGINAS A4,VAZIO,76,EXCEDENTE (IS_EXCHANGE),Item de contrato atrelado está com saldo zerado/negativo. Regra do EXCEDENTE aplicada.
64068,MULTIFUNCIONAL LASER COLOR KYOCERA ECOSYS MA3500CIX NS H7Q3300016,10715,206,30,30,IMPRESSORA POLICROMÁTICO  –  PÁGINAS – A4,VAZIO,77,EXCEDENTE (IS_EXCHANGE),Item de contrato atrelado está com saldo zerado/negativo. Regra do EXCEDENTE aplicada.
64144,MULTIFUNCIONAL LASER COLOR A3 KYOCERA TASKALFA 2554CI NS H5T3900238,10715,206,30,30,IMPRESSORA POLICROMÁTICO  –  PÁGINAS – A4,VAZIO,77,EXCEDENTE (IS_EXCHANGE),Item de contrato atrelado está com saldo zerado/negativo. Regra do EXCEDENTE aplicada.
64248,MULTIFUNCIONAL LASER MONO KYOCERA  ECOSYS MA5500IFX NS WDS3809705,10715,206,30,30,IMPRESSORA MONOCROMÁTICO –  PÁGINAS A4,VAZIO,76,EXCEDENTE (IS_EXCHANGE),Item de contrato atrelado está com saldo zerado/negativo. Regra do EXCEDENTE aplicada.
64304,MULTIFUNCIONAL LASER MONO KYOCERA ECOSYS MA5500IFX NS WDS3810328,10715,206,30,30,IMPRESSORA MONOCROMÁTICO –  PÁGINAS A4,VAZIO,76,EXCEDENTE (IS_EXCHANGE),Item de contrato atrelado está com saldo zerado/negativo. Regra do EXCEDENTE aplicada.
63923,"MONITOR LED 19"" BLUECASE NS 49866731029",10974,216,39,39,MICRO TIPO I,VAZIO,100,EXCEDENTE (IS_EXCHANGE),Item de contrato atrelado está com saldo zerado/negativo. Regra do EXCEDENTE aplicada.
77640,"MONITOR LED 19"" BLUECASE NS 52666731474",10974,216,39,39,MICRO TIPO I,VAZIO,100,EXCEDENTE (IS_EXCHANGE),Item de contrato atrelado está com saldo zerado/negativo. Regra do EXCEDENTE aplicada.
78384,"MONITOR BLUECASE LED 19"" NS 59773750299",10974,216,39,39,MICRO TIPO I,VAZIO,100,EXCEDENTE (IS_EXCHANGE),Item de contrato atrelado está com saldo zerado/negativo. Regra do EXCEDENTE aplicada.
78385,"MONITOR BLUECASE LED 19"" NS 59773750275",10974,216,39,39,MICRO TIPO I,VAZIO,100,EXCEDENTE (IS_EXCHANGE),Item de contrato atrelado está com saldo zerado/negativo. Regra do EXCEDENTE aplicada.
78386,"MONITOR BLUECASE LED 19"" NS 59773750298",10974,216,39,39,MICRO TIPO I,VAZIO,100,EXCEDENTE (IS_EXCHANGE),Item de contrato atrelado está com saldo zerado/negativo. Regra do EXCEDENTE aplicada.
78392,"MONITOR BLUECASE LED 19"" NS 59773750271",10974,216,39,39,MICRO TIPO I,VAZIO,100,EXCEDENTE (IS_EXCHANGE),Item de contrato atrelado está com saldo zerado/negativo. Regra do EXCEDENTE aplicada.
78393,"MONITOR BLUECASE LED 19"" NS 59773751793",10974,216,39,39,MICRO TIPO I,VAZIO,100,EXCEDENTE (IS_EXCHANGE),Item de contrato atrelado está com saldo zerado/negativo. Regra do EXCEDENTE aplicada.
78394,"MONITOR BLUECASE LED 19"" NS 59773750273",10974,216,39,39,MICRO TIPO I,VAZIO,100,EXCEDENTE (IS_EXCHANGE),Item de contrato atrelado está com saldo zerado/negativo. Regra do EXCEDENTE aplicada.
78395,"MONITOR BLUECASE LED 19"" NS 59773750287",10974,216,39,39,MICRO TIPO I,VAZIO,100,EXCEDENTE (IS_EXCHANGE),Item de contrato atrelado está com saldo zerado/negativo. Regra do EXCEDENTE aplicada.
78396,"MONITOR BLUECASE LED 19"" NS 59773750312",10974,216,39,39,MICRO TIPO I,VAZIO,100,EXCEDENTE (IS_EXCHANGE),Item de contrato atrelado está com saldo zerado/negativo. Regra do EXCEDENTE aplicada.
78400,"MONITOR BLUECASE LED 19"" NS 59773752245",10974,216,39,39,MICRO TIPO I,VAZIO,100,EXCEDENTE (IS_EXCHANGE),Item de contrato atrelado está com saldo zerado/negativo. Regra do EXCEDENTE aplicada.
78401,"MONITOR BLUECASE LED 19"" NS 59773751788",10974,216,39,39,MICRO TIPO I,VAZIO,100,EXCEDENTE (IS_EXCHANGE),Item de contrato atrelado está com saldo zerado/negativo. Regra do EXCEDENTE aplicada.
78407,"MONITOR BLUECASE LED 19"" NS 59773751767",10974,216,39,39,MICRO TIPO I,VAZIO,100,EXCEDENTE (IS_EXCHANGE),Item de contrato atrelado está com saldo zerado/negativo. Regra do EXCEDENTE aplicada.
78408,"MONITOR BLUECASE LED 19"" NS 59773750406",10974,216,39,39,MICRO TIPO I,VAZIO,100,EXCEDENTE (IS_EXCHANGE),Item de contrato atrelado está com saldo zerado/negativo. Regra do EXCEDENTE aplicada.
78409,"MONITOR BLUECASE LED 19"" NS 59773751770",10974,216,39,39,MICRO TIPO I,VAZIO,100,EXCEDENTE (IS_EXCHANGE),Item de contrato atrelado está com saldo zerado/negativo. Regra do EXCEDENTE aplicada.
78410,"MONITOR BLUECASE LED 19"" NS 59773751769",10974,216,39,39,MICRO TIPO I,VAZIO,100,EXCEDENTE (IS_EXCHANGE),Item de contrato atrelado está com saldo zerado/negativo. Regra do EXCEDENTE aplicada.
78411,"MONITOR BLUECASE LED 19"" NS 59773750409",10974,216,39,39,MICRO TIPO I,VAZIO,100,EXCEDENTE (IS_EXCHANGE),Item de contrato atrelado está com saldo zerado/negativo. Regra do EXCEDENTE aplicada.
78412,"MONITOR BLUECASE LED 19"" NS 59773752246",10974,216,39,39,MICRO TIPO I,VAZIO,100,EXCEDENTE (IS_EXCHANGE),Item de contrato atrelado está com saldo zerado/negativo. Regra do EXCEDENTE aplicada.
78414,"MONITOR BLUECASE LED 19"" NS 59773752270",10974,216,39,39,MICRO TIPO I,VAZIO,100,EXCEDENTE (IS_EXCHANGE),Item de contrato atrelado está com saldo zerado/negativo. Regra do EXCEDENTE aplicada.
78415,"MONITOR BLUECASE LED 19"" NS 59773752248",10974,216,39,39,MICRO TIPO I,VAZIO,100,EXCEDENTE (IS_EXCHANGE),Item de contrato atrelado está com saldo zerado/negativo. Regra do EXCEDENTE aplicada.
78416,"MONITOR BLUECASE LED 19"" NS 59773752268",10974,216,39,39,MICRO TIPO I,VAZIO,100,EXCEDENTE (IS_EXCHANGE),Item de contrato atrelado está com saldo zerado/negativo. Regra do EXCEDENTE aplicada.
78429,"MONITOR BLUECASE LED 19"" NS 59773750028",10974,216,39,39,MICRO TIPO I,VAZIO,100,EXCEDENTE (IS_EXCHANGE),Item de contrato atrelado está com saldo zerado/negativo. Regra do EXCEDENTE aplicada.
78431,"MONITOR BLUECASE LED 19"" NS 59773750033",10974,216,39,39,MICRO TIPO I,VAZIO,100,EXCEDENTE (IS_EXCHANGE),Item de contrato atrelado está com saldo zerado/negativo. Regra do EXCEDENTE aplicada.
78432,"MONITOR BLUECASE LED 19"" NS 59773752282",10974,216,39,39,MICRO TIPO I,VAZIO,100,EXCEDENTE (IS_EXCHANGE),Item de contrato atrelado está com saldo zerado/negativo. Regra do EXCEDENTE aplicada.
78433,"MONITOR BLUECASE LED 19"" NS 59773752262",10974,216,39,39,MICRO TIPO I,VAZIO,100,EXCEDENTE (IS_EXCHANGE),Item de contrato atrelado está com saldo zerado/negativo. Regra do EXCEDENTE aplicada.
78434,"MONITOR BLUECASE LED 19"" NS 59773750469",10974,216,39,39,MICRO TIPO I,VAZIO,100,EXCEDENTE (IS_EXCHANGE),Item de contrato atrelado está com saldo zerado/negativo. Regra do EXCEDENTE aplicada.
78435,"MONITOR BLUECASE LED 19"" NS 59773750282",10974,216,39,39,MICRO TIPO I,VAZIO,100,EXCEDENTE (IS_EXCHANGE),Item de contrato atrelado está com saldo zerado/negativo. Regra do EXCEDENTE aplicada.
78436,"MONITOR BLUECASE LED 19"" NS 59773752240",10974,216,39,39,MICRO TIPO I,VAZIO,100,EXCEDENTE (IS_EXCHANGE),Item de contrato atrelado está com saldo zerado/negativo. Regra do EXCEDENTE aplicada.
78437,"MONITOR BLUECASE LED 19"" NS 59773750819",10974,216,39,39,MICRO TIPO I,VAZIO,100,EXCEDENTE (IS_EXCHANGE),Item de contrato atrelado está com saldo zerado/negativo. Regra do EXCEDENTE aplicada.
78438,"MONITOR BLUECASE LED 19"" NS 59773750309",10974,216,39,39,MICRO TIPO I,VAZIO,100,EXCEDENTE (IS_EXCHANGE),Item de contrato atrelado está com saldo zerado/negativo. Regra do EXCEDENTE aplicada.
78439,"MONITOR BLUECASE LED 19"" NS 59773752301",10974,216,39,39,MICRO TIPO I,VAZIO,100,EXCEDENTE (IS_EXCHANGE),Item de contrato atrelado está com saldo zerado/negativo. Regra do EXCEDENTE aplicada.
78440,"MONITOR BLUECASE LED 19"" NS 59773751763",10974,216,39,39,MICRO TIPO I,VAZIO,100,EXCEDENTE (IS_EXCHANGE),Item de contrato atrelado está com saldo zerado/negativo. Regra do EXCEDENTE aplicada.
78441,"MONITOR BLUECASE LED 19"" NS 59773751764",10974,216,39,39,MICRO TIPO I,VAZIO,100,EXCEDENTE (IS_EXCHANGE),Item de contrato atrelado está com saldo zerado/negativo. Regra do EXCEDENTE aplicada.
78442,"MONITOR BLUECASE LED 19"" NS 59773750053",10974,216,39,39,MICRO TIPO I,VAZIO,100,EXCEDENTE (IS_EXCHANGE),Item de contrato atrelado está com saldo zerado/negativo. Regra do EXCEDENTE aplicada.
78443,"MONITOR BLUECASE LED 19"" NS 59773750052",10974,216,39,39,MICRO TIPO I,VAZIO,100,EXCEDENTE (IS_EXCHANGE),Item de contrato atrelado está com saldo zerado/negativo. Regra do EXCEDENTE aplicada.
78444,"MONITOR BLUECASE LED 19"" NS 59773750016",10974,216,39,39,MICRO TIPO I,VAZIO,100,EXCEDENTE (IS_EXCHANGE),Item de contrato atrelado está com saldo zerado/negativo. Regra do EXCEDENTE aplicada.
78445,"MONITOR BLUECASE LED 19"" NS 59773750020",10974,216,39,39,MICRO TIPO I,VAZIO,100,EXCEDENTE (IS_EXCHANGE),Item de contrato atrelado está com saldo zerado/negativo. Regra do EXCEDENTE aplicada.
78446,"MONITOR BLUECASE LED 19"" NS 59773750018",10974,216,39,39,MICRO TIPO I,VAZIO,100,EXCEDENTE (IS_EXCHANGE),Item de contrato atrelado está com saldo zerado/negativo. Regra do EXCEDENTE aplicada.
78447,"MONITOR BLUECASE LED 19"" NS 59773750085",10974,216,39,39,MICRO TIPO I,VAZIO,100,EXCEDENTE (IS_EXCHANGE),Item de contrato atrelado está com saldo zerado/negativo. Regra do EXCEDENTE aplicada.
78448,"MONITOR BLUECASE LED 19"" NS 59773750085",10974,216,39,39,MICRO TIPO I,VAZIO,100,EXCEDENTE (IS_EXCHANGE),Item de contrato atrelado está com saldo zerado/negativo. Regra do EXCEDENTE aplicada.
78451,"MONITOR BLUECASE LED 19"" NS 59773750099",10974,216,39,39,MICRO TIPO I,VAZIO,100,EXCEDENTE (IS_EXCHANGE),Item de contrato atrelado está com saldo zerado/negativo. Regra do EXCEDENTE aplicada.
78477,"MONITOR BLUECASE LED 19"" NS 59773750082",10974,216,39,39,MICRO TIPO I,VAZIO,100,EXCEDENTE (IS_EXCHANGE),Item de contrato atrelado está com saldo zerado/negativo. Regra do EXCEDENTE aplicada.
78478,"MONITOR BLUECASE LED 19"" NS 59773750094",10974,216,39,39,MICRO TIPO I,VAZIO,100,EXCEDENTE (IS_EXCHANGE),Item de contrato atrelado está com saldo zerado/negativo. Regra do EXCEDENTE aplicada.
78479,"MONITOR BLUECASE LED 19"" NS 59773750065",10974,216,39,39,MICRO TIPO I,VAZIO,100,EXCEDENTE (IS_EXCHANGE),Item de contrato atrelado está com saldo zerado/negativo. Regra do EXCEDENTE aplicada.
78480,"MONITOR BLUECASE LED 19"" NS 59773750097",10974,216,39,39,MICRO TIPO I,VAZIO,100,EXCEDENTE (IS_EXCHANGE),Item de contrato atrelado está com saldo zerado/negativo. Regra do EXCEDENTE aplicada.
78484,"MONITOR BLUECASE LED 19"" NS 59773752257",10974,216,39,39,MICRO TIPO I,VAZIO,100,EXCEDENTE (IS_EXCHANGE),Item de contrato atrelado está com saldo zerado/negativo. Regra do EXCEDENTE aplicada.
78491,"MONITOR BLUECASE LED 19"" NS 59773752293",10974,216,39,39,MICRO TIPO I,VAZIO,100,EXCEDENTE (IS_EXCHANGE),Item de contrato atrelado está com saldo zerado/negativo. Regra do EXCEDENTE aplicada.
78492,"MONITOR BLUECASE LED 19"" NS 59773751823",10974,216,39,39,MICRO TIPO I,VAZIO,100,EXCEDENTE (IS_EXCHANGE),Item de contrato atrelado está com saldo zerado/negativo. Regra do EXCEDENTE aplicada.
78493,"MONITOR BLUECASE LED 19"" NS 59773750029",10974,216,39,39,MICRO TIPO I,VAZIO,100,EXCEDENTE (IS_EXCHANGE),Item de contrato atrelado está com saldo zerado/negativo. Regra do EXCEDENTE aplicada.
78494,"MONITOR BLUECASE LED 19"" NS 59773750030",10974,216,39,39,MICRO TIPO I,VAZIO,100,EXCEDENTE (IS_EXCHANGE),Item de contrato atrelado está com saldo zerado/negativo. Regra do EXCEDENTE aplicada.
78495,"MONITOR BLUECASE LED 19"" NS 59773750031",10974,216,39,39,MICRO TIPO I,VAZIO,100,EXCEDENTE (IS_EXCHANGE),Item de contrato atrelado está com saldo zerado/negativo. Regra do EXCEDENTE aplicada.
78497,"MONITOR BLUECASE LED 19"" NS 59773750320",10974,216,39,39,MICRO TIPO I,VAZIO,100,EXCEDENTE (IS_EXCHANGE),Item de contrato atrelado está com saldo zerado/negativo. Regra do EXCEDENTE aplicada.
78498,"MONITOR BLUECASE LED 19"" NS 59773752313",10974,216,39,39,MICRO TIPO I,VAZIO,100,EXCEDENTE (IS_EXCHANGE),Item de contrato atrelado está com saldo zerado/negativo. Regra do EXCEDENTE aplicada.
78499,"MONITOR BLUECASE LED 19"" NS 59773750266",10974,216,39,39,MICRO TIPO I,VAZIO,100,EXCEDENTE (IS_EXCHANGE),Item de contrato atrelado está com saldo zerado/negativo. Regra do EXCEDENTE aplicada.
78500,"MONITOR BLUECASE LED 19"" NS 59773750820",10974,216,39,39,MICRO TIPO I,VAZIO,100,EXCEDENTE (IS_EXCHANGE),Item de contrato atrelado está com saldo zerado/negativo. Regra do EXCEDENTE aplicada.
78501,"MONITOR BLUECASE LED 19"" NS 59773752314",10974,216,39,39,MICRO TIPO I,VAZIO,100,EXCEDENTE (IS_EXCHANGE),Item de contrato atrelado está com saldo zerado/negativo. Regra do EXCEDENTE aplicada.
78502,"MONITOR BLUECASE LED 19"" NS 59773752264",10974,216,39,39,MICRO TIPO I,VAZIO,100,EXCEDENTE (IS_EXCHANGE),Item de contrato atrelado está com saldo zerado/negativo. Regra do EXCEDENTE aplicada.
78503,"MONITOR BLUECASE LED 19"" NS 59773750261",10974,216,39,39,MICRO TIPO I,VAZIO,100,EXCEDENTE (IS_EXCHANGE),Item de contrato atrelado está com saldo zerado/negativo. Regra do EXCEDENTE aplicada.
78504,"MONITOR BLUECASE LED 19"" NS 59773750264",10974,216,39,39,MICRO TIPO I,VAZIO,100,EXCEDENTE (IS_EXCHANGE),Item de contrato atrelado está com saldo zerado/negativo. Regra do EXCEDENTE aplicada.
78505,"MONITOR BLUECASE LED 19"" NS 59773750251",10974,216,39,39,MICRO TIPO I,VAZIO,100,EXCEDENTE (IS_EXCHANGE),Item de contrato atrelado está com saldo zerado/negativo. Regra do EXCEDENTE aplicada.
78506,"MONITOR BLUECASE LED 19"" NS 59773750253",10974,216,39,39,MICRO TIPO I,VAZIO,100,EXCEDENTE (IS_EXCHANGE),Item de contrato atrelado está com saldo zerado/negativo. Regra do EXCEDENTE aplicada.
78507,"MONITOR BLUECASE LED 19"" NS 59773750254",10974,216,39,39,MICRO TIPO I,VAZIO,100,EXCEDENTE (IS_EXCHANGE),Item de contrato atrelado está com saldo zerado/negativo. Regra do EXCEDENTE aplicada.
78509,"MONITOR BLUECASE LED 19"" NS 59773750311",10974,216,39,39,MICRO TIPO I,VAZIO,100,EXCEDENTE (IS_EXCHANGE),Item de contrato atrelado está com saldo zerado/negativo. Regra do EXCEDENTE aplicada.
78510,"MONITOR BLUECASE LED 19"" NS 59773750288",10974,216,39,39,MICRO TIPO I,VAZIO,100,EXCEDENTE (IS_EXCHANGE),Item de contrato atrelado está com saldo zerado/negativo. Regra do EXCEDENTE aplicada.
78511,"MONITOR BLUECASE LED 19"" NS 59773750295",10974,216,39,39,MICRO TIPO I,VAZIO,100,EXCEDENTE (IS_EXCHANGE),Item de contrato atrelado está com saldo zerado/negativo. Regra do EXCEDENTE aplicada.
78512,"MONITOR BLUECASE LED 19"" NS 59773750286",10974,216,39,39,MICRO TIPO I,VAZIO,100,EXCEDENTE (IS_EXCHANGE),Item de contrato atrelado está com saldo zerado/negativo. Regra do EXCEDENTE aplicada.
78514,"MONITOR BLUECASE LED 19"" NS 59773752307",10974,216,39,39,MICRO TIPO I,VAZIO,100,EXCEDENTE (IS_EXCHANGE),Item de contrato atrelado está com saldo zerado/negativo. Regra do EXCEDENTE aplicada.
78515,"MONITOR BLUECASE LED 19"" NS 59773750278",10974,216,39,39,MICRO TIPO I,VAZIO,100,EXCEDENTE (IS_EXCHANGE),Item de contrato atrelado está com saldo zerado/negativo. Regra do EXCEDENTE aplicada.
78516,"MONITOR BLUECASE LED 19"" NS 59773752304",10974,216,39,39,MICRO TIPO I,VAZIO,100,EXCEDENTE (IS_EXCHANGE),Item de contrato atrelado está com saldo zerado/negativo. Regra do EXCEDENTE aplicada.
78531,"MONITOR BLUECASE LED 19"" NS 59773750284",10974,216,39,39,MICRO TIPO I,VAZIO,100,EXCEDENTE (IS_EXCHANGE),Item de contrato atrelado está com saldo zerado/negativo. Regra do EXCEDENTE aplicada.
78532,"MONITOR BLUECASE LED 19"" NS 59773752302",10974,216,39,39,MICRO TIPO I,VAZIO,100,EXCEDENTE (IS_EXCHANGE),Item de contrato atrelado está com saldo zerado/negativo. Regra do EXCEDENTE aplicada.
78534,"MONITOR BLUECASE LED 19"" NS 59773752305",10974,216,39,39,MICRO TIPO I,VAZIO,100,EXCEDENTE (IS_EXCHANGE),Item de contrato atrelado está com saldo zerado/negativo. Regra do EXCEDENTE aplicada.
78535,"MONITOR BLUECASE LED 19"" NS 59773750258",10974,216,39,39,MICRO TIPO I,VAZIO,100,EXCEDENTE (IS_EXCHANGE),Item de contrato atrelado está com saldo zerado/negativo. Regra do EXCEDENTE aplicada.
78625,"MONITOR BLUECASE LED 19"" NS 59773752290",10974,216,39,39,MICRO TIPO I,VAZIO,100,EXCEDENTE (IS_EXCHANGE),Item de contrato atrelado está com saldo zerado/negativo. Regra do EXCEDENTE aplicada.
74873,"THINKCENTRE HP I5, 8GB RAM, SSD 256GB NS 8CG9033H9F",10974,216,39,39,MICRO TIPO I,VAZIO,100,EXCEDENTE (IS_EXCHANGE),Item de contrato atrelado está com saldo zerado/negativo. Regra do EXCEDENTE aplicada.
74874,"THINKCENTRE HP I5, 8GB RAM, SSD 256GB NS 8CG9033H8V",10974,216,39,39,MICRO TIPO I,VAZIO,100,EXCEDENTE (IS_EXCHANGE),Item de contrato atrelado está com saldo zerado/negativo. Regra do EXCEDENTE aplicada.
74875,"THINKCENTRE HP I5, 8GB RAM, SSD 256GB NS 8CG82876S9",10974,216,39,39,MICRO TIPO I,VAZIO,100,EXCEDENTE (IS_EXCHANGE),Item de contrato atrelado está com saldo zerado/negativo. Regra do EXCEDENTE aplicada.
74876,"THINKCENTRE HP I5, 8GB RAM, SSD 256GB NS 8CG9073L12",10974,216,39,39,MICRO TIPO I,VAZIO,100,EXCEDENTE (IS_EXCHANGE),Item de contrato atrelado está com saldo zerado/negativo. Regra do EXCEDENTE aplicada.
74878,"THINKCENTRE HP I5, 8GB RAM, SSD 256GB NS 8CG8124NGR",10974,216,39,39,MICRO TIPO I,VAZIO,100,EXCEDENTE (IS_EXCHANGE),Item de contrato atrelado está com saldo zerado/negativo. Regra do EXCEDENTE aplicada.
74879,"THINKCENTRE HP I5, 8GB RAM, SSD 256GB NS 8CG82876SW",10974,216,39,39,MICRO TIPO I,VAZIO,100,EXCEDENTE (IS_EXCHANGE),Item de contrato atrelado está com saldo zerado/negativo. Regra do EXCEDENTE aplicada.
74882,"THINKCENTRE HP I5, 8GB RAM, SSD 256GB NS 8CG8214VGM",10974,216,39,39,MICRO TIPO I,VAZIO,100,EXCEDENTE (IS_EXCHANGE),Item de contrato atrelado está com saldo zerado/negativo. Regra do EXCEDENTE aplicada.
78488,"THINKCENTRE HP I5, 8GB RAM, SSD 256GB NS 8CG9073K5S",10974,216,39,39,MICRO TIPO I,VAZIO,100,EXCEDENTE (IS_EXCHANGE),Item de contrato atrelado está com saldo zerado/negativo. Regra do EXCEDENTE aplicada.
78489,"THINKCENTRE HP I5, 8GB RAM, SSD 256GB NS 8CG904CT2P",10974,216,39,39,MICRO TIPO I,VAZIO,100,EXCEDENTE (IS_EXCHANGE),Item de contrato atrelado está com saldo zerado/negativo. Regra do EXCEDENTE aplicada.
78519,"THINKCENTRE HP I5, 8GB RAM, SSD 256GB NS 8CG9033HBX",10974,216,39,39,MICRO TIPO I,VAZIO,100,EXCEDENTE (IS_EXCHANGE),Item de contrato atrelado está com saldo zerado/negativo. Regra do EXCEDENTE aplicada.
78520,"THINKCENTRE HP I5, 8GB RAM, SSD 256GB NS 8CG8279JS5",10974,216,39,39,MICRO TIPO I,VAZIO,100,EXCEDENTE (IS_EXCHANGE),Item de contrato atrelado está com saldo zerado/negativo. Regra do EXCEDENTE aplicada.
78522,"THINKCENTRE HP I5, 8GB RAM, SSD 256GB NS 8CG904CTHW",10974,216,39,39,MICRO TIPO I,VAZIO,100,EXCEDENTE (IS_EXCHANGE),Item de contrato atrelado está com saldo zerado/negativo. Regra do EXCEDENTE aplicada.
78523,"THINKCENTRE HP I5, 8GB RAM, SSD 256GB NS 8CG8279JSN",10974,216,39,39,MICRO TIPO I,VAZIO,100,EXCEDENTE (IS_EXCHANGE),Item de contrato atrelado está com saldo zerado/negativo. Regra do EXCEDENTE aplicada.
78525,"THINKCENTRE HP I5, 8GB RAM, SSD 256GB NS 8CG9073L5R",10974,216,39,39,MICRO TIPO I,VAZIO,100,EXCEDENTE (IS_EXCHANGE),Item de contrato atrelado está com saldo zerado/negativo. Regra do EXCEDENTE aplicada.
78528,"THINKCENTRE HP I5, 8GB RAM, SSD 256GB NS 8CG8010XQP",10974,216,39,39,MICRO TIPO I,VAZIO,100,EXCEDENTE (IS_EXCHANGE),Item de contrato atrelado está com saldo zerado/negativo. Regra do EXCEDENTE aplicada.
78529,"THINKCENTRE HP I5, 8GB RAM, SSD 256GB NS 8CG9054CB4",10974,216,39,39,MICRO TIPO I,VAZIO,100,EXCEDENTE (IS_EXCHANGE),Item de contrato atrelado está com saldo zerado/negativo. Regra do EXCEDENTE aplicada.
78530,"THINKCENTRE HP I5, 8GB RAM, SSD 256GB NS HC3BCM2",10974,216,39,39,MICRO TIPO I,VAZIO,100,EXCEDENTE (IS_EXCHANGE),Item de contrato atrelado está com saldo zerado/negativo. Regra do EXCEDENTE aplicada.
78536,"THINKCENTRE HP I5, 8GB RAM, SSD 256GB NS 8CG8124PHF",10974,216,39,39,MICRO TIPO I,VAZIO,100,EXCEDENTE (IS_EXCHANGE),Item de contrato atrelado está com saldo zerado/negativo. Regra do EXCEDENTE aplicada.
78538,"THINKCENTRE HP I5, 8GB RAM, SSD 256GB NS 8CG7431HJQ",10974,216,39,39,MICRO TIPO I,VAZIO,100,EXCEDENTE (IS_EXCHANGE),Item de contrato atrelado está com saldo zerado/negativo. Regra do EXCEDENTE aplicada.
78539,"THINKCENTRE HP I5, 8GB RAM, SSD 256GB NS 8CG8298CY5",10974,216,39,39,MICRO TIPO I,VAZIO,100,EXCEDENTE (IS_EXCHANGE),Item de contrato atrelado está com saldo zerado/negativo. Regra do EXCEDENTE aplicada.
78540,"THINKCENTRE HP I5, 8GB RAM, SSD 256GB NS C154PD2",10974,216,39,39,MICRO TIPO I,VAZIO,100,EXCEDENTE (IS_EXCHANGE),Item de contrato atrelado está com saldo zerado/negativo. Regra do EXCEDENTE aplicada.
78541,"THINKCENTRE HP I5, 8GB RAM, SSD 256GB NS 3DYTXM2",10974,216,39,39,MICRO TIPO I,VAZIO,100,EXCEDENTE (IS_EXCHANGE),Item de contrato atrelado está com saldo zerado/negativo. Regra do EXCEDENTE aplicada.
78542,"THINKCENTRE HP I5, 8GB RAM, SSD 256GB NS 8CG7383HC4",10974,216,39,39,MICRO TIPO I,VAZIO,100,EXCEDENTE (IS_EXCHANGE),Item de contrato atrelado está com saldo zerado/negativo. Regra do EXCEDENTE aplicada.
78543,"THINKCENTRE HP I5, 8GB RAM, SSD 256GB NS 1D8SQG2",10974,216,39,39,MICRO TIPO I,VAZIO,100,EXCEDENTE (IS_EXCHANGE),Item de contrato atrelado está com saldo zerado/negativo. Regra do EXCEDENTE aplicada.
78544,"THINKCENTRE HP I5, 8GB RAM, SSD 256GB NS 2MXR9Z2",10974,216,39,39,MICRO TIPO I,VAZIO,100,EXCEDENTE (IS_EXCHANGE),Item de contrato atrelado está com saldo zerado/negativo. Regra do EXCEDENTE aplicada.
74886,"THINKCENTRE HP I5, 8GB RAM, SSD 256GB NS MXL63110K0",10974,216,39,39,MICRO TIPO I,VAZIO,100,EXCEDENTE (IS_EXCHANGE),Item de contrato atrelado está com saldo zerado/negativo. Regra do EXCEDENTE aplicada.
74887,"THINKCENTRE HP I5, 8GB RAM, SSD 256GB NS MXL645195J",10974,216,39,39,MICRO TIPO I,VAZIO,100,EXCEDENTE (IS_EXCHANGE),Item de contrato atrelado está com saldo zerado/negativo. Regra do EXCEDENTE aplicada.
74889,"THINKCENTRE HP I5, 8GB RAM, SSD 256GB NS MXL7050N3F",10974,216,39,39,MICRO TIPO I,VAZIO,100,EXCEDENTE (IS_EXCHANGE),Item de contrato atrelado está com saldo zerado/negativo. Regra do EXCEDENTE aplicada.
74890,"THINKCENTRE HP I5, 8GB RAM, SSD 256GB NS MXL6130QGL",10974,216,39,39,MICRO TIPO I,VAZIO,100,EXCEDENTE (IS_EXCHANGE),Item de contrato atrelado está com saldo zerado/negativo. Regra do EXCEDENTE aplicada.
74891,"THINKCENTRE HP I5, 8GB RAM, SSD 256GB NS MXL71626QT",10974,216,39,39,MICRO TIPO I,VAZIO,100,EXCEDENTE (IS_EXCHANGE),Item de contrato atrelado está com saldo zerado/negativo. Regra do EXCEDENTE aplicada.
74892,"THINKCENTRE HP I5, 8GB RAM, SSD 256GB NS MXL71626R1",10974,216,39,39,MICRO TIPO I,VAZIO,100,EXCEDENTE (IS_EXCHANGE),Item de contrato atrelado está com saldo zerado/negativo. Regra do EXCEDENTE aplicada.
74893,"THINKCENTRE HP I5, 8GB RAM, SSD 256GB NS 2UA6373GQ7",10974,216,39,39,MICRO TIPO I,VAZIO,100,EXCEDENTE (IS_EXCHANGE),Item de contrato atrelado está com saldo zerado/negativo. Regra do EXCEDENTE aplicada.
74896,"THINKCENTRE LENOVO I5, 8GB RAM, SSD 256GB, NS MJ05RYNT",10974,216,39,39,MICRO TIPO I,VAZIO,100,EXCEDENTE (IS_EXCHANGE),Item de contrato atrelado está com saldo zerado/negativo. Regra do EXCEDENTE aplicada.
74898,"THINKCENTRE LENOVO I5, 8GB RAM, SSD 256GB, NS MJ053BG5",10974,216,39,39,MICRO TIPO I,VAZIO,100,EXCEDENTE (IS_EXCHANGE),Item de contrato atrelado está com saldo zerado/negativo. Regra do EXCEDENTE aplicada.
74900,"THINKCENTRE LENOVO I5, 8GB RAM, SSD 256GB, NS MJ048622",10974,216,39,39,MICRO TIPO I,VAZIO,100,EXCEDENTE (IS_EXCHANGE),Item de contrato atrelado está com saldo zerado/negativo. Regra do EXCEDENTE aplicada.
74902,"THINKCENTRE LENOVO I5, 8GB RAM, SSD 256GB, NS MJ04FD7Y",10974,216,39,39,MICRO TIPO I,VAZIO,100,EXCEDENTE (IS_EXCHANGE),Item de contrato atrelado está com saldo zerado/negativo. Regra do EXCEDENTE aplicada.
74903,"THINKCENTRE LENOVO I5, 8GB RAM, SSD 256GB, NS MJ0449QG",10974,216,39,39,MICRO TIPO I,VAZIO,100,EXCEDENTE (IS_EXCHANGE),Item de contrato atrelado está com saldo zerado/negativo. Regra do EXCEDENTE aplicada.
74904,"THINKCENTRE LENOVO I5, 8GB RAM, SSD 256GB, NS MJ076M27",10974,216,39,39,MICRO TIPO I,VAZIO,100,EXCEDENTE (IS_EXCHANGE),Item de contrato atrelado está com saldo zerado/negativo. Regra do EXCEDENTE aplicada.
74908,"THINKCENTRE LENOVO I5, 8GB RAM, SSD 256GB, NS PC0HNUG8",10974,216,39,39,MICRO TIPO I,VAZIO,100,EXCEDENTE (IS_EXCHANGE),Item de contrato atrelado está com saldo zerado/negativo. Regra do EXCEDENTE aplicada.
74910,"THINKCENTRE LENOVO I5, 8GB RAM, SSD 256GB NS MJ05RYP5",10974,216,39,39,MICRO TIPO I,VAZIO,100,EXCEDENTE (IS_EXCHANGE),Item de contrato atrelado está com saldo zerado/negativo. Regra do EXCEDENTE aplicada.
74911,"THINKCENTRE LENOVO I5, 8GB RAM, SSD 256GB NS MJ07DNMJ",10974,216,39,39,MICRO TIPO I,VAZIO,100,EXCEDENTE (IS_EXCHANGE),Item de contrato atrelado está com saldo zerado/negativo. Regra do EXCEDENTE aplicada.
74912,"THINKCENTRE LENOVO I5, 8GB RAM, SSD 256GB NS MJ05NGHE",10974,216,39,39,MICRO TIPO I,VAZIO,100,EXCEDENTE (IS_EXCHANGE),Item de contrato atrelado está com saldo zerado/negativo. Regra do EXCEDENTE aplicada.
74913,"THINKCENTRE LENOVO I5, 8GB RAM, SSD 256GB NS MJ0A1TZH",10974,216,39,39,MICRO TIPO I,VAZIO,100,EXCEDENTE (IS_EXCHANGE),Item de contrato atrelado está com saldo zerado/negativo. Regra do EXCEDENTE aplicada.
74916,"THINKCENTRE LENOVO I5, 8GB RAM, SSD 256GB NS MJ076MYX",10974,216,39,39,MICRO TIPO I,VAZIO,100,EXCEDENTE (IS_EXCHANGE),Item de contrato atrelado está com saldo zerado/negativo. Regra do EXCEDENTE aplicada.
74917,"THINKCENTRE LENOVO I5, 8GB RAM, SSD 256GB NS PC0FNHFA",10974,216,39,39,MICRO TIPO I,VAZIO,100,EXCEDENTE (IS_EXCHANGE),Item de contrato atrelado está com saldo zerado/negativo. Regra do EXCEDENTE aplicada.
74918,"THINKCENTRE LENOVO I5, 8GB RAM, SSD 256GB NS MJ00QKNH",10974,216,39,39,MICRO TIPO I,VAZIO,100,EXCEDENTE (IS_EXCHANGE),Item de contrato atrelado está com saldo zerado/negativo. Regra do EXCEDENTE aplicada.
74919,"THINKCENTRE LENOVO I5, 8GB RAM, SSD 256GB NS MJ056EZ4",10974,216,39,39,MICRO TIPO I,VAZIO,100,EXCEDENTE (IS_EXCHANGE),Item de contrato atrelado está com saldo zerado/negativo. Regra do EXCEDENTE aplicada.
74920,"TTHINKCENTRE LENOVO I5, 8GB RAM, SSD 256GB, NS MJ076TCQ",10974,216,39,39,MICRO TIPO I,VAZIO,100,EXCEDENTE (IS_EXCHANGE),Item de contrato atrelado está com saldo zerado/negativo. Regra do EXCEDENTE aplicada.
74921,"TTHINKCENTRE LENOVO I5, 8GB RAM, SSD 256GB, NS PC0HNUFD",10974,216,39,39,MICRO TIPO I,VAZIO,100,EXCEDENTE (IS_EXCHANGE),Item de contrato atrelado está com saldo zerado/negativo. Regra do EXCEDENTE aplicada.
74922,"TTHINKCENTRE LENOVO I5, 8GB RAM, SSD 256GB, NS MJ06FKPX",10974,216,39,39,MICRO TIPO I,VAZIO,100,EXCEDENTE (IS_EXCHANGE),Item de contrato atrelado está com saldo zerado/negativo. Regra do EXCEDENTE aplicada.
74923,"TTHINKCENTRE LENOVO I5, 8GB RAM, SSD 256GB, NS MJ04WBMK",10974,216,39,39,MICRO TIPO I,VAZIO,100,EXCEDENTE (IS_EXCHANGE),Item de contrato atrelado está com saldo zerado/negativo. Regra do EXCEDENTE aplicada.
74925,"TTHINKCENTRE LENOVO I5, 8GB RAM, SSD 256GB, NS MJ04WBLE",10974,216,39,39,MICRO TIPO I,VAZIO,100,EXCEDENTE (IS_EXCHANGE),Item de contrato atrelado está com saldo zerado/negativo. Regra do EXCEDENTE aplicada.
74927,"TTHINKCENTRE LENOVO I5, 8GB RAM, SSD 256GB, NS MJ05FEVZ",10974,216,39,39,MICRO TIPO I,VAZIO,100,EXCEDENTE (IS_EXCHANGE),Item de contrato atrelado está com saldo zerado/negativo. Regra do EXCEDENTE aplicada.
74928,"TTHINKCENTRE LENOVO I5, 8GB RAM, SSD 256GB, NS MJ05FF1P",10974,216,39,39,MICRO TIPO I,VAZIO,100,EXCEDENTE (IS_EXCHANGE),Item de contrato atrelado está com saldo zerado/negativo. Regra do EXCEDENTE aplicada.
74930,"TTHINKCENTRE LENOVO I5, 8GB RAM, SSD 256GB, NS MJ07H12W",10974,216,39,39,MICRO TIPO I,VAZIO,100,EXCEDENTE (IS_EXCHANGE),Item de contrato atrelado está com saldo zerado/negativo. Regra do EXCEDENTE aplicada.
74932,"THINKCENTRE LENOVO I5, 8GB RAM, SSD 256GB, NS PC0HNUG3",10974,216,39,39,MICRO TIPO I,VAZIO,100,EXCEDENTE (IS_EXCHANGE),Item de contrato atrelado está com saldo zerado/negativo. Regra do EXCEDENTE aplicada.
74933,"THINKCENTRE LENOVO I5, 8GB RAM, SSD 256GB, NS MJ05FEN3",10974,216,39,39,MICRO TIPO I,VAZIO,100,EXCEDENTE (IS_EXCHANGE),Item de contrato atrelado está com saldo zerado/negativo. Regra do EXCEDENTE aplicada.
74935,"THINKCENTRE LENOVO I5, 8GB RAM, SSD 256GB, NS  MJ05ZUWK",10974,216,39,39,MICRO TIPO I,VAZIO,100,EXCEDENTE (IS_EXCHANGE),Item de contrato atrelado está com saldo zerado/negativo. Regra do EXCEDENTE aplicada.
74936,"THINKCENTRE LENOVO I5, 8GB RAM, SSD 256GB, NS  MJ05FET3",10974,216,39,39,MICRO TIPO I,VAZIO,100,EXCEDENTE (IS_EXCHANGE),Item de contrato atrelado está com saldo zerado/negativo. Regra do EXCEDENTE aplicada.
74937,"THINKCENTRE LENOVO I5, 8GB RAM, SSD 256GB, NS  MJ055QKS",10974,216,39,39,MICRO TIPO I,VAZIO,100,EXCEDENTE (IS_EXCHANGE),Item de contrato atrelado está com saldo zerado/negativo. Regra do EXCEDENTE aplicada.
74939,"THINKCENTRE LENOVO I5, 8GB RAM, SSD 256GB, NS MJ079DXF",10974,216,39,39,MICRO TIPO I,VAZIO,100,EXCEDENTE (IS_EXCHANGE),Item de contrato atrelado está com saldo zerado/negativo. Regra do EXCEDENTE aplicada.
74940,"THINKCENTRE LENOVO I5, 8GB RAM, SSD 256GB, NS MJ06TQWT",10974,216,39,39,MICRO TIPO I,VAZIO,100,EXCEDENTE (IS_EXCHANGE),Item de contrato atrelado está com saldo zerado/negativo. Regra do EXCEDENTE aplicada.
74941,"THINKCENTRE LENOVO I5, 8GB RAM, SSD 256GB, NS MJ053W57",10974,216,39,39,MICRO TIPO I,VAZIO,100,EXCEDENTE (IS_EXCHANGE),Item de contrato atrelado está com saldo zerado/negativo. Regra do EXCEDENTE aplicada.
74943,"THINKCENTRE LENOVO I5, 8GB RAM, SSD 256GB, NS MJ0A1TV2",10974,216,39,39,MICRO TIPO I,VAZIO,100,EXCEDENTE (IS_EXCHANGE),Item de contrato atrelado está com saldo zerado/negativo. Regra do EXCEDENTE aplicada.
71810,"MONITOR 19"" BLUECASE NS 59673750845",10974,216,39,39,MICRO TIPO I,VAZIO,100,EXCEDENTE (IS_EXCHANGE),Item de contrato atrelado está com saldo zerado/negativo. Regra do EXCEDENTE aplicada.
79972,"THINKCENTRE LENOVO I5, 8GB RAM, SSD 256GB NS MJ0581P8",10974,216,39,39,MICRO TIPO I,VAZIO,100,EXCEDENTE (IS_EXCHANGE),Item de contrato atrelado está com saldo zerado/negativo. Regra do EXCEDENTE aplicada.
71838,"MONITOR BLUECASE LED 19"" NS 59673750803",10974,216,39,39,MICRO TIPO I,VAZIO,100,EXCEDENTE (IS_EXCHANGE),Item de contrato atrelado está com saldo zerado/negativo. Regra do EXCEDENTE aplicada.
71767,"MONITOR BLUECASE LED 19"" NS 59673752507",10974,216,39,39,MICRO TIPO I,VAZIO,100,EXCEDENTE (IS_EXCHANGE),Item de contrato atrelado está com saldo zerado/negativo. Regra do EXCEDENTE aplicada.
73146,"MONITOR BLUECASE LED 19"" NS 59673751639",10974,216,39,39,MICRO TIPO I,VAZIO,100,EXCEDENTE (IS_EXCHANGE),Item de contrato atrelado está com saldo zerado/negativo. Regra do EXCEDENTE aplicada.
80596,"THINKCENTRE DELL I5, 8GB RAM, SSD 120GB NS 5SS3KH2",10974,216,39,39,MICRO TIPO I,VAZIO,100,EXCEDENTE (IS_EXCHANGE),Item de contrato atrelado está com saldo zerado/negativo. Regra do EXCEDENTE aplicada.
81435,"MONITOR 19"" BLUECASE NS 62774144211",10974,216,39,39,MICRO TIPO I,VAZIO,100,EXCEDENTE (IS_EXCHANGE),Item de contrato atrelado está com saldo zerado/negativo. Regra do EXCEDENTE aplicada.
79693,"MONITOR 19""BLUECASE NS 60873750143",10974,216,39,39,MICRO TIPO I,VAZIO,100,EXCEDENTE (IS_EXCHANGE),Item de contrato atrelado está com saldo zerado/negativo. Regra do EXCEDENTE aplicada.
80610,"THINKCENTRE DELL I5, 8GB RAM, SSD 120GB NS DS6F8M2",10974,216,39,39,MICRO TIPO I,VAZIO,100,EXCEDENTE (IS_EXCHANGE),Item de contrato atrelado está com saldo zerado/negativo. Regra do EXCEDENTE aplicada.
80633,"THINKCENTRE DELL I5, 8GB RAM, SSD 120GB NS GWYZB62",10974,216,39,39,MICRO TIPO I,VAZIO,100,EXCEDENTE (IS_EXCHANGE),Item de contrato atrelado está com saldo zerado/negativo. Regra do EXCEDENTE aplicada.
80744,"THINKCENTRE HP I5, 8GB RAM, SSD 120GB NS 8CG81507XT",10974,216,39,39,MICRO TIPO I,VAZIO,100,EXCEDENTE (IS_EXCHANGE),Item de contrato atrelado está com saldo zerado/negativo. Regra do EXCEDENTE aplicada.
80634,"THINKCENTRE DELL I5, 8GB RAM, SSD 120GB NS G75JBB2",10974,216,39,39,MICRO TIPO I,VAZIO,100,EXCEDENTE (IS_EXCHANGE),Item de contrato atrelado está com saldo zerado/negativo. Regra do EXCEDENTE aplicada.
80687,"THINKCENTRE DELL I5, 8GB RAM, SSD 120GB NS 8G84XK2",10974,216,39,39,MICRO TIPO I,VAZIO,100,EXCEDENTE (IS_EXCHANGE),Item de contrato atrelado está com saldo zerado/negativo. Regra do EXCEDENTE aplicada.
80706,"THINKCENTRE DELL I5, 8GB RAM, SSD 120GB NS 2D72DD2",10974,216,39,39,MICRO TIPO I,VAZIO,100,EXCEDENTE (IS_EXCHANGE),Item de contrato atrelado está com saldo zerado/negativo. Regra do EXCEDENTE aplicada.
80607,"THINKCENTRE DELL I5, 8GB RAM, SSD 120GB NS 5F07JG2",10974,216,39,39,MICRO TIPO I,VAZIO,100,EXCEDENTE (IS_EXCHANGE),Item de contrato atrelado está com saldo zerado/negativo. Regra do EXCEDENTE aplicada.
80631,"THINKCENTRE DELL I5, 8GB RAM, SSD 120GB NS C1YYQD2",10974,216,39,39,MICRO TIPO I,VAZIO,100,EXCEDENTE (IS_EXCHANGE),Item de contrato atrelado está com saldo zerado/negativo. Regra do EXCEDENTE aplicada.
80619,"THINKCENTRE DELL I5, 8GB RAM, SSD 120GB NS 65Z4FB2",10974,216,39,39,MICRO TIPO I,VAZIO,100,EXCEDENTE (IS_EXCHANGE),Item de contrato atrelado está com saldo zerado/negativo. Regra do EXCEDENTE aplicada.
80646,"THINKCENTRE DELL I5, 8GB RAM, SSD 120GB NS 8GZ6XK2",10974,216,39,39,MICRO TIPO I,VAZIO,100,EXCEDENTE (IS_EXCHANGE),Item de contrato atrelado está com saldo zerado/negativo. Regra do EXCEDENTE aplicada.
80682,"THINKCENTRE DELL I5, 8GB RAM, SSD 120GB NS B5Z7XK2",10974,216,39,39,MICRO TIPO I,VAZIO,100,EXCEDENTE (IS_EXCHANGE),Item de contrato atrelado está com saldo zerado/negativo. Regra do EXCEDENTE aplicada.
80614,"THINKCENTRE DELL I5, 8GB RAM, SSD 120GB NS 6SQSGB2",10974,216,39,39,MICRO TIPO I,VAZIO,100,EXCEDENTE (IS_EXCHANGE),Item de contrato atrelado está com saldo zerado/negativo. Regra do EXCEDENTE aplicada.
80620,"THINKCENTRE DELL I5, 8GB RAM, SSD 120GB NS JLFBRD2",10974,216,39,39,MICRO TIPO I,VAZIO,100,EXCEDENTE (IS_EXCHANGE),Item de contrato atrelado está com saldo zerado/negativo. Regra do EXCEDENTE aplicada.
82053,THINKCENTRE DELL I5 8GB RAM SSD 256GB NS G9T4DD2,10974,216,39,39,MICRO TIPO I,VAZIO,100,EXCEDENTE (IS_EXCHANGE),Item de contrato atrelado está com saldo zerado/negativo. Regra do EXCEDENTE aplicada.
82059,"THINKCENTRE DELL I5, 8GB RAM, SSD 256GB, NS 3SF5DD2",10974,216,39,39,MICRO TIPO I,VAZIO,100,EXCEDENTE (IS_EXCHANGE),Item de contrato atrelado está com saldo zerado/negativo. Regra do EXCEDENTE aplicada.
80012,"MONITOR TCN LED 20"" NS HON01652005151",10974,216,39,39,MICRO TIPO I,VAZIO,100,EXCEDENTE (IS_EXCHANGE),Item de contrato atrelado está com saldo zerado/negativo. Regra do EXCEDENTE aplicada.
80013,"MONITOR TCN LED 20"" NS HON01652005229",10974,216,39,39,MICRO TIPO I,VAZIO,100,EXCEDENTE (IS_EXCHANGE),Item de contrato atrelado está com saldo zerado/negativo. Regra do EXCEDENTE aplicada.
86124,"MICRO I5, 8GB RAM, SSD 120GB NS 66970370965",10974,216,39,39,MICRO TIPO I,VAZIO,100,EXCEDENTE (IS_EXCHANGE),Item de contrato atrelado está com saldo zerado/negativo. Regra do EXCEDENTE aplicada.
76503,"MONITOR 19"" BLUECASE NS 44766731044",10974,216,39,39,MICRO TIPO I,VAZIO,100,EXCEDENTE (IS_EXCHANGE),Item de contrato atrelado está com saldo zerado/negativo. Regra do EXCEDENTE aplicada.
87023,"THINKCENTRE DELL I5, 8GB RAM, SSD 240GB NS 21Y9B03",10974,216,39,39,MICRO TIPO I,VAZIO,100,EXCEDENTE (IS_EXCHANGE),Item de contrato atrelado está com saldo zerado/negativo. Regra do EXCEDENTE aplicada.
87026,"THINKCENTRE DELL I5, 8GB RAM, SSD 240GB NS 7YMD8R2",10974,216,39,39,MICRO TIPO I,VAZIO,100,EXCEDENTE (IS_EXCHANGE),Item de contrato atrelado está com saldo zerado/negativo. Regra do EXCEDENTE aplicada.
87031,"THINKCENTRE DELL I5, 8GB RAM, SSD 240GB NS 5VM91S2",10974,216,39,39,MICRO TIPO I,VAZIO,100,EXCEDENTE (IS_EXCHANGE),Item de contrato atrelado está com saldo zerado/negativo. Regra do EXCEDENTE aplicada.
87032,"THINKCENTRE DELL I5, 8GB RAM, SSD 240GB NS 2ZZ0MN2",10974,216,39,39,MICRO TIPO I,VAZIO,100,EXCEDENTE (IS_EXCHANGE),Item de contrato atrelado está com saldo zerado/negativo. Regra do EXCEDENTE aplicada.
87033,"THINKCENTRE DELL I5, 8GB RAM, SSD 240GB NS 7XW88R2",10974,216,39,39,MICRO TIPO I,VAZIO,100,EXCEDENTE (IS_EXCHANGE),Item de contrato atrelado está com saldo zerado/negativo. Regra do EXCEDENTE aplicada.
87034,"THINKCENTRE LENOVO I5, 8GB RAM, SSD 240GB NS B9LC1S2",10974,216,39,39,MICRO TIPO I,VAZIO,100,EXCEDENTE (IS_EXCHANGE),Item de contrato atrelado está com saldo zerado/negativo. Regra do EXCEDENTE aplicada.
87035,"THINKCENTRE DELL I5, 8GB RAM, SSD 240GB NS 52M5KH2",10974,216,39,39,MICRO TIPO I,VAZIO,100,EXCEDENTE (IS_EXCHANGE),Item de contrato atrelado está com saldo zerado/negativo. Regra do EXCEDENTE aplicada.
87036,"THINKCENTRE DELL I5, 8GB RAM, SSD 240GB NS 2KSVCH2",10974,216,39,39,MICRO TIPO I,VAZIO,100,EXCEDENTE (IS_EXCHANGE),Item de contrato atrelado está com saldo zerado/negativo. Regra do EXCEDENTE aplicada.
87037,"THINKCENTRE DELL I5, 8GB RAM, SSD 240GB NS 6696FB2",10974,216,39,39,MICRO TIPO I,VAZIO,100,EXCEDENTE (IS_EXCHANGE),Item de contrato atrelado está com saldo zerado/negativo. Regra do EXCEDENTE aplicada.
87059,"THINKCENTRE DELL I5, 8GB RAM, SSD 240GB NS G617DD2",10974,216,39,39,MICRO TIPO I,VAZIO,100,EXCEDENTE (IS_EXCHANGE),Item de contrato atrelado está com saldo zerado/negativo. Regra do EXCEDENTE aplicada.
87061,"THINKCENTRE DELL I5, 8GB RAM, SSD 240GB NS 2L6TCH2",10974,216,39,39,MICRO TIPO I,VAZIO,100,EXCEDENTE (IS_EXCHANGE),Item de contrato atrelado está com saldo zerado/negativo. Regra do EXCEDENTE aplicada.
87065,"THINKCENTRE DELL I5, 8GB RAM, SSD 240GB NS HK881S2",10974,216,39,39,MICRO TIPO I,VAZIO,100,EXCEDENTE (IS_EXCHANGE),Item de contrato atrelado está com saldo zerado/negativo. Regra do EXCEDENTE aplicada.
87433,"MONITOR LED 18.5"" AOC SN KCYJCXA008813",10974,216,39,39,MICRO TIPO I,VAZIO,100,EXCEDENTE (IS_EXCHANGE),Item de contrato atrelado está com saldo zerado/negativo. Regra do EXCEDENTE aplicada.
88771,"THINKCENTRE DELL I5, 8GB RAM, SSD 120GB NS G36LBB2",10974,216,39,39,MICRO TIPO I,VAZIO,100,EXCEDENTE (IS_EXCHANGE),Item de contrato atrelado está com saldo zerado/negativo. Regra do EXCEDENTE aplicada.
88779,"THINKCENTRE DELL I5, 8GB RAM, SSD 120GB NS 60S37J2",10974,216,39,39,MICRO TIPO I,VAZIO,100,EXCEDENTE (IS_EXCHANGE),Item de contrato atrelado está com saldo zerado/negativo. Regra do EXCEDENTE aplicada.
84016,"MONITOR 19"" TCN NS QYN07687233120",10974,216,39,39,MICRO TIPO I,VAZIO,100,EXCEDENTE (IS_EXCHANGE),Item de contrato atrelado está com saldo zerado/negativo. Regra do EXCEDENTE aplicada.
84017,"MONITOR 19"" TCN NS QYN07687236274",10974,216,39,39,MICRO TIPO I,VAZIO,100,EXCEDENTE (IS_EXCHANGE),Item de contrato atrelado está com saldo zerado/negativo. Regra do EXCEDENTE aplicada.
84018,"MONITOR 19"" TCN NS QYN07687236292",10974,216,39,39,MICRO TIPO I,VAZIO,100,EXCEDENTE (IS_EXCHANGE),Item de contrato atrelado está com saldo zerado/negativo. Regra do EXCEDENTE aplicada.
84019,"MONITOR 19"" TCN NS QYN07687236655",10974,216,39,39,MICRO TIPO I,VAZIO,100,EXCEDENTE (IS_EXCHANGE),Item de contrato atrelado está com saldo zerado/negativo. Regra do EXCEDENTE aplicada.
84020,"MONITOR 19"" TCN NS QYN07687234712",10974,216,39,39,MICRO TIPO I,VAZIO,100,EXCEDENTE (IS_EXCHANGE),Item de contrato atrelado está com saldo zerado/negativo. Regra do EXCEDENTE aplicada.
84021,"MONITOR 19"" TCN NS QYN07687234701",10974,216,39,39,MICRO TIPO I,VAZIO,100,EXCEDENTE (IS_EXCHANGE),Item de contrato atrelado está com saldo zerado/negativo. Regra do EXCEDENTE aplicada.
84022,"MONITOR 19"" TCN NS QYN07687236685",10974,216,39,39,MICRO TIPO I,VAZIO,100,EXCEDENTE (IS_EXCHANGE),Item de contrato atrelado está com saldo zerado/negativo. Regra do EXCEDENTE aplicada.
84024,"MONITOR 19"" TCN NS QYN07687233312",10974,216,39,39,MICRO TIPO I,VAZIO,100,EXCEDENTE (IS_EXCHANGE),Item de contrato atrelado está com saldo zerado/negativo. Regra do EXCEDENTE aplicada.
84025,MONITOR 19 TCN NS QYN07687233328,10974,216,39,39,MICRO TIPO I,VAZIO,100,EXCEDENTE (IS_EXCHANGE),Item de contrato atrelado está com saldo zerado/negativo. Regra do EXCEDENTE aplicada.
84026,MONITOR 19 TCN NS QYN07687233327,10974,216,39,39,MICRO TIPO I,VAZIO,100,EXCEDENTE (IS_EXCHANGE),Item de contrato atrelado está com saldo zerado/negativo. Regra do EXCEDENTE aplicada.
84027,MONITOR 19 TCN NS QYN07687236403,10974,216,39,39,MICRO TIPO I,VAZIO,100,EXCEDENTE (IS_EXCHANGE),Item de contrato atrelado está com saldo zerado/negativo. Regra do EXCEDENTE aplicada.
84028,MONITOR 19 TCN NS QYN07687236608,10974,216,39,39,MICRO TIPO I,VAZIO,100,EXCEDENTE (IS_EXCHANGE),Item de contrato atrelado está com saldo zerado/negativo. Regra do EXCEDENTE aplicada.
84029,MONITOR 19 TCN NS QYN07687236086,10974,216,39,39,MICRO TIPO I,VAZIO,100,EXCEDENTE (IS_EXCHANGE),Item de contrato atrelado está com saldo zerado/negativo. Regra do EXCEDENTE aplicada.
84031,MONITOR 19 TCN NS QYN07687236033,10974,216,39,39,MICRO TIPO I,VAZIO,100,EXCEDENTE (IS_EXCHANGE),Item de contrato atrelado está com saldo zerado/negativo. Regra do EXCEDENTE aplicada.
84032,MONITOR 19 TCN NS QYN07687233315,10974,216,39,39,MICRO TIPO I,VAZIO,100,EXCEDENTE (IS_EXCHANGE),Item de contrato atrelado está com saldo zerado/negativo. Regra do EXCEDENTE aplicada.
84033,MONITOR 19 TCN NS QYN07687235310,10974,216,39,39,MICRO TIPO I,VAZIO,100,EXCEDENTE (IS_EXCHANGE),Item de contrato atrelado está com saldo zerado/negativo. Regra do EXCEDENTE aplicada.
84034,MONITOR 19 TCN NS QYN07687236607,10974,216,39,39,MICRO TIPO I,VAZIO,100,EXCEDENTE (IS_EXCHANGE),Item de contrato atrelado está com saldo zerado/negativo. Regra do EXCEDENTE aplicada.
84035,MONITOR 19 TCN NS QYN07687236660,10974,216,39,39,MICRO TIPO I,VAZIO,100,EXCEDENTE (IS_EXCHANGE),Item de contrato atrelado está com saldo zerado/negativo. Regra do EXCEDENTE aplicada.
84036,MONITOR 19 TCN NS QYN07687236653,10974,216,39,39,MICRO TIPO I,VAZIO,100,EXCEDENTE (IS_EXCHANGE),Item de contrato atrelado está com saldo zerado/negativo. Regra do EXCEDENTE aplicada.
84115,MONITOR 19 TCN NS QYN07687233367,10974,216,39,39,MICRO TIPO I,VAZIO,100,EXCEDENTE (IS_EXCHANGE),Item de contrato atrelado está com saldo zerado/negativo. Regra do EXCEDENTE aplicada.
84116,MONITOR 19 TCN NS QYN07687234781,10974,216,39,39,MICRO TIPO I,VAZIO,100,EXCEDENTE (IS_EXCHANGE),Item de contrato atrelado está com saldo zerado/negativo. Regra do EXCEDENTE aplicada.
84042,MONITOR 19 TCN NS QYN07687233288,10974,216,39,39,MICRO TIPO I,VAZIO,100,EXCEDENTE (IS_EXCHANGE),Item de contrato atrelado está com saldo zerado/negativo. Regra do EXCEDENTE aplicada.
84043,MONITOR 19 TCN NS QYN07687233310,10974,216,39,39,MICRO TIPO I,VAZIO,100,EXCEDENTE (IS_EXCHANGE),Item de contrato atrelado está com saldo zerado/negativo. Regra do EXCEDENTE aplicada.
84044,MONITOR 19 TCN NS QYN07687236061,10974,216,39,39,MICRO TIPO I,VAZIO,100,EXCEDENTE (IS_EXCHANGE),Item de contrato atrelado está com saldo zerado/negativo. Regra do EXCEDENTE aplicada.
84045,MONITOR 19 TCN NS QYN07687233334,10974,216,39,39,MICRO TIPO I,VAZIO,100,EXCEDENTE (IS_EXCHANGE),Item de contrato atrelado está com saldo zerado/negativo. Regra do EXCEDENTE aplicada.
84046,"MONITOR 19"" TCN NS QYN07687236664",10974,216,39,39,MICRO TIPO I,VAZIO,100,EXCEDENTE (IS_EXCHANGE),Item de contrato atrelado está com saldo zerado/negativo. Regra do EXCEDENTE aplicada.
84047,"MONITOR 19"" TCN NS QYN07687236597",10974,216,39,39,MICRO TIPO I,VAZIO,100,EXCEDENTE (IS_EXCHANGE),Item de contrato atrelado está com saldo zerado/negativo. Regra do EXCEDENTE aplicada.
84049,"MONITOR 19"" TCN NS QYN07687234710",10974,216,39,39,MICRO TIPO I,VAZIO,100,EXCEDENTE (IS_EXCHANGE),Item de contrato atrelado está com saldo zerado/negativo. Regra do EXCEDENTE aplicada.
84050,"MONITOR 19"" TCN NS QYN07687234762",10974,216,39,39,MICRO TIPO I,VAZIO,100,EXCEDENTE (IS_EXCHANGE),Item de contrato atrelado está com saldo zerado/negativo. Regra do EXCEDENTE aplicada.
84051,MONITOR 19 TCN NS QYN07687234724,10974,216,39,39,MICRO TIPO I,VAZIO,100,EXCEDENTE (IS_EXCHANGE),Item de contrato atrelado está com saldo zerado/negativo. Regra do EXCEDENTE aplicada.
84052,MONITOR 19 TCN NS QYN07687234753,10974,216,39,39,MICRO TIPO I,VAZIO,100,EXCEDENTE (IS_EXCHANGE),Item de contrato atrelado está com saldo zerado/negativo. Regra do EXCEDENTE aplicada.
84053,MONITOR 19 TCN NS QYN07687236602,10974,216,39,39,MICRO TIPO I,VAZIO,100,EXCEDENTE (IS_EXCHANGE),Item de contrato atrelado está com saldo zerado/negativo. Regra do EXCEDENTE aplicada.
84055,MONITOR 19 TCN NS QYN07687236612,10974,216,39,39,MICRO TIPO I,VAZIO,100,EXCEDENTE (IS_EXCHANGE),Item de contrato atrelado está com saldo zerado/negativo. Regra do EXCEDENTE aplicada.
84056,MONITOR 19 TCN NS QYN07687236366,10974,216,39,39,MICRO TIPO I,VAZIO,100,EXCEDENTE (IS_EXCHANGE),Item de contrato atrelado está com saldo zerado/negativo. Regra do EXCEDENTE aplicada.
84058,MONITOR 19 TCN NS QYN07687236028,10974,216,39,39,MICRO TIPO I,VAZIO,100,EXCEDENTE (IS_EXCHANGE),Item de contrato atrelado está com saldo zerado/negativo. Regra do EXCEDENTE aplicada.
84059,MONITOR 19 TCN NS QYN07687233414,10974,216,39,39,MICRO TIPO I,VAZIO,100,EXCEDENTE (IS_EXCHANGE),Item de contrato atrelado está com saldo zerado/negativo. Regra do EXCEDENTE aplicada.
84060,MONITOR 19 TCN NS QYN07687233414,10974,216,39,39,MICRO TIPO I,VAZIO,100,EXCEDENTE (IS_EXCHANGE),Item de contrato atrelado está com saldo zerado/negativo. Regra do EXCEDENTE aplicada.
84061,MONITOR 19 TCN NS QYN07687236588,10974,216,39,39,MICRO TIPO I,VAZIO,100,EXCEDENTE (IS_EXCHANGE),Item de contrato atrelado está com saldo zerado/negativo. Regra do EXCEDENTE aplicada.
84062,MONITOR 19 TCN NS QYN07687234830,10974,216,39,39,MICRO TIPO I,VAZIO,100,EXCEDENTE (IS_EXCHANGE),Item de contrato atrelado está com saldo zerado/negativo. Regra do EXCEDENTE aplicada.
84063,MONITOR 19 TCN NS QYN07687234703,10974,216,39,39,MICRO TIPO I,VAZIO,100,EXCEDENTE (IS_EXCHANGE),Item de contrato atrelado está com saldo zerado/negativo. Regra do EXCEDENTE aplicada.
84064,MONITOR 19 TCN NS QYN07687234871,10974,216,39,39,MICRO TIPO I,VAZIO,100,EXCEDENTE (IS_EXCHANGE),Item de contrato atrelado está com saldo zerado/negativo. Regra do EXCEDENTE aplicada.
84065,MONITOR 19 TCN NS QYN07687234728,10974,216,39,39,MICRO TIPO I,VAZIO,100,EXCEDENTE (IS_EXCHANGE),Item de contrato atrelado está com saldo zerado/negativo. Regra do EXCEDENTE aplicada.
84066,MONITOR 19 TCN NS QYN07687234831,10974,216,39,39,MICRO TIPO I,VAZIO,100,EXCEDENTE (IS_EXCHANGE),Item de contrato atrelado está com saldo zerado/negativo. Regra do EXCEDENTE aplicada.
84067,MONITOR 19 TCN NS QYN07687236779,10974,216,39,39,MICRO TIPO I,VAZIO,100,EXCEDENTE (IS_EXCHANGE),Item de contrato atrelado está com saldo zerado/negativo. Regra do EXCEDENTE aplicada.
84069,MONITOR 19 TCN NS QYN07687236040,10974,216,39,39,MICRO TIPO I,VAZIO,100,EXCEDENTE (IS_EXCHANGE),Item de contrato atrelado está com saldo zerado/negativo. Regra do EXCEDENTE aplicada.
84071,MONITOR 19 TCN NS QYN07687236051,10974,216,39,39,MICRO TIPO I,VAZIO,100,EXCEDENTE (IS_EXCHANGE),Item de contrato atrelado está com saldo zerado/negativo. Regra do EXCEDENTE aplicada.
84072,MONITOR 19 TCN NS QYN07687235997,10974,216,39,39,MICRO TIPO I,VAZIO,100,EXCEDENTE (IS_EXCHANGE),Item de contrato atrelado está com saldo zerado/negativo. Regra do EXCEDENTE aplicada.
84073,MONITOR 19 TCN NS QYN07687235925,10974,216,39,39,MICRO TIPO I,VAZIO,100,EXCEDENTE (IS_EXCHANGE),Item de contrato atrelado está com saldo zerado/negativo. Regra do EXCEDENTE aplicada.
84074,MONITOR 19 TCN NS QYN07687236076,10974,216,39,39,MICRO TIPO I,VAZIO,100,EXCEDENTE (IS_EXCHANGE),Item de contrato atrelado está com saldo zerado/negativo. Regra do EXCEDENTE aplicada.
82531,MONITOR 19 TCN NS QYN07687236052,10974,216,39,39,MICRO TIPO I,VAZIO,100,EXCEDENTE (IS_EXCHANGE),Item de contrato atrelado está com saldo zerado/negativo. Regra do EXCEDENTE aplicada.
82532,MONITOR 19 TCN NS QYN07687236112,10974,216,39,39,MICRO TIPO I,VAZIO,100,EXCEDENTE (IS_EXCHANGE),Item de contrato atrelado está com saldo zerado/negativo. Regra do EXCEDENTE aplicada.
88646,"THINKCENTRE DELL I5, 8GB RAM, SSD 256GB NS 2ZZZLN2",10974,216,39,39,MICRO TIPO I,VAZIO,100,EXCEDENTE (IS_EXCHANGE),Item de contrato atrelado está com saldo zerado/negativo. Regra do EXCEDENTE aplicada.
88638,"THINKCENTRE DELL I5, 8GB RAM, SSD 256GB NS GGW3DD2",10974,216,39,39,MICRO TIPO I,VAZIO,100,EXCEDENTE (IS_EXCHANGE),Item de contrato atrelado está com saldo zerado/negativo. Regra do EXCEDENTE aplicada.
88635,"THINKCENTRE DELL I5. 8GB RAM, SSD 256GB NS GBS4DD2",10974,216,39,39,MICRO TIPO I,VAZIO,100,EXCEDENTE (IS_EXCHANGE),Item de contrato atrelado está com saldo zerado/negativo. Regra do EXCEDENTE aplicada.
88647,"THINKCENTRE DELL I5, 8GB RAM, SSD 256GB NS GB97DD2",10974,216,39,39,MICRO TIPO I,VAZIO,100,EXCEDENTE (IS_EXCHANGE),Item de contrato atrelado está com saldo zerado/negativo. Regra do EXCEDENTE aplicada.
88630,"THINKCENTRE DELL I5, 8GB RAM, SSD 256GB NS 5V8C1S2",10974,216,39,39,MICRO TIPO I,VAZIO,100,EXCEDENTE (IS_EXCHANGE),Item de contrato atrelado está com saldo zerado/negativo. Regra do EXCEDENTE aplicada.
88631,"THINKCENTRE DELL I5, 8GB RAM, SSD 256GB NS 5VQ71S2",10974,216,39,39,MICRO TIPO I,VAZIO,100,EXCEDENTE (IS_EXCHANGE),Item de contrato atrelado está com saldo zerado/negativo. Regra do EXCEDENTE aplicada.
88627,"THINKCENTRE DELL I5, 8GB RAM, SSD 256GB NS 3W640M2",10974,216,39,39,MICRO TIPO I,VAZIO,100,EXCEDENTE (IS_EXCHANGE),Item de contrato atrelado está com saldo zerado/negativo. Regra do EXCEDENTE aplicada.
88639,"THINKCENTRE DELL I5, 8GB RAM, SSD 256GB NS HKJB1S2",10974,216,39,39,MICRO TIPO I,VAZIO,100,EXCEDENTE (IS_EXCHANGE),Item de contrato atrelado está com saldo zerado/negativo. Regra do EXCEDENTE aplicada.
88637,"THINKCENTRE DELL I5, 8GB RAM, SSD 256GB NS 2P76DD2",10974,216,39,39,MICRO TIPO I,VAZIO,100,EXCEDENTE (IS_EXCHANGE),Item de contrato atrelado está com saldo zerado/negativo. Regra do EXCEDENTE aplicada.
88643,"THINKCENTRE DELL I5, 8GB RAM, SSD 256GB NS 21YCB03",10974,216,39,39,MICRO TIPO I,VAZIO,100,EXCEDENTE (IS_EXCHANGE),Item de contrato atrelado está com saldo zerado/negativo. Regra do EXCEDENTE aplicada.
88644,"THINKCENTRE DELL I5, 8GB RAM, SSD 256GB NS 7XKC8R2",10974,216,39,39,MICRO TIPO I,VAZIO,100,EXCEDENTE (IS_EXCHANGE),Item de contrato atrelado está com saldo zerado/negativo. Regra do EXCEDENTE aplicada.
88648,"THINKCENTRE DELL I5, 8GB RAM, SSD 256GB NS 2L1ZCD2",10974,216,39,39,MICRO TIPO I,VAZIO,100,EXCEDENTE (IS_EXCHANGE),Item de contrato atrelado está com saldo zerado/negativo. Regra do EXCEDENTE aplicada.
88645,"THINKCENTRE DELL I5, 8GB RAM, SSD 256GB NS G395DD2",10974,216,39,39,MICRO TIPO I,VAZIO,100,EXCEDENTE (IS_EXCHANGE),Item de contrato atrelado está com saldo zerado/negativo. Regra do EXCEDENTE aplicada.
88626,"THINKCENTRE DELL I5, 8GB RAM, SSD 256GB NS 5397KH2",10974,216,39,39,MICRO TIPO I,VAZIO,100,EXCEDENTE (IS_EXCHANGE),Item de contrato atrelado está com saldo zerado/negativo. Regra do EXCEDENTE aplicada.
88625,"THINKCENTRE DELL I5, 8GB RAM, SSD 256GB NS 99DKSZ2",10974,216,39,39,MICRO TIPO I,VAZIO,100,EXCEDENTE (IS_EXCHANGE),Item de contrato atrelado está com saldo zerado/negativo. Regra do EXCEDENTE aplicada.
88624,"THINKCENTRE DELL I5, 8GB RAM, SSD 256GB NS 5ST7KH2",10974,216,39,39,MICRO TIPO I,VAZIO,100,EXCEDENTE (IS_EXCHANGE),Item de contrato atrelado está com saldo zerado/negativo. Regra do EXCEDENTE aplicada.
88623,"THINKCENTRE DELL I5, 8GB RAM, SSD 256GB NS 2DT2DD2",10974,216,39,39,MICRO TIPO I,VAZIO,100,EXCEDENTE (IS_EXCHANGE),Item de contrato atrelado está com saldo zerado/negativo. Regra do EXCEDENTE aplicada.
88628,"THINKCENTRE DELL I5, 8GB RAM, SSD 256GB NS BBBB1S2",10974,216,39,39,MICRO TIPO I,VAZIO,100,EXCEDENTE (IS_EXCHANGE),Item de contrato atrelado está com saldo zerado/negativo. Regra do EXCEDENTE aplicada.
88629,"THINKCENTRE DELL I5, 8GB RAM, SSD 256GB NS BL2B1S2",10974,216,39,39,MICRO TIPO I,VAZIO,100,EXCEDENTE (IS_EXCHANGE),Item de contrato atrelado está com saldo zerado/negativo. Regra do EXCEDENTE aplicada.
88622,"THINKCENTRE DELL I5, 8GB RAM, SSD 256GB NS 5DJ4DD2",10974,216,39,39,MICRO TIPO I,VAZIO,100,EXCEDENTE (IS_EXCHANGE),Item de contrato atrelado está com saldo zerado/negativo. Regra do EXCEDENTE aplicada.
88621,"THINKCENTRE DELL I5, 8GB RAM, SSD 256GB NS B75TFX2",10974,216,39,39,MICRO TIPO I,VAZIO,100,EXCEDENTE (IS_EXCHANGE),Item de contrato atrelado está com saldo zerado/negativo. Regra do EXCEDENTE aplicada.
88620,"THINKCENTRE DELL I5, 8GB RAM, SSD 256GB NS 2DW5DD2",10974,216,39,39,MICRO TIPO I,VAZIO,100,EXCEDENTE (IS_EXCHANGE),Item de contrato atrelado está com saldo zerado/negativo. Regra do EXCEDENTE aplicada.
88739,"THINKCENTRE DELL I5, 8GB RAM, SSD 256GB NS 2DKZCD2",10974,216,39,39,MICRO TIPO I,VAZIO,100,EXCEDENTE (IS_EXCHANGE),Item de contrato atrelado está com saldo zerado/negativo. Regra do EXCEDENTE aplicada.
88740,"THINKCENTRE DELL I5, 8GB RAM, SSD 256GB NS 2NF6DD2",10974,216,39,39,MICRO TIPO I,VAZIO,100,EXCEDENTE (IS_EXCHANGE),Item de contrato atrelado está com saldo zerado/negativo. Regra do EXCEDENTE aplicada.
88741,"THINKCENTRE DELL I5, 8GB RAM, SSD 256GB NS GH52DD2",10974,216,39,39,MICRO TIPO I,VAZIO,100,EXCEDENTE (IS_EXCHANGE),Item de contrato atrelado está com saldo zerado/negativo. Regra do EXCEDENTE aplicada.
88742,"THINKCENTRE DELL I5, 8GB RAM, SSD 256GB NS 2DC6DD2",10974,216,39,39,MICRO TIPO I,VAZIO,100,EXCEDENTE (IS_EXCHANGE),Item de contrato atrelado está com saldo zerado/negativo. Regra do EXCEDENTE aplicada.
88744,"THINKCENTRE DELL I5, 8GB RAM, SSD 256GB NS D6Q3PD2",10974,216,39,39,MICRO TIPO I,VAZIO,100,EXCEDENTE (IS_EXCHANGE),Item de contrato atrelado está com saldo zerado/negativo. Regra do EXCEDENTE aplicada.
88747,"THINKCENTRE DELL I5, 8GB RAM, SSD 256GB NS 1Y7XRD2",10974,216,39,39,MICRO TIPO I,VAZIO,100,EXCEDENTE (IS_EXCHANGE),Item de contrato atrelado está com saldo zerado/negativo. Regra do EXCEDENTE aplicada.
88748,"THINKCENTRE DELL I5, 8GB RAM, SSD 256GB NS G6V3DD2",10974,216,39,39,MICRO TIPO I,VAZIO,100,EXCEDENTE (IS_EXCHANGE),Item de contrato atrelado está com saldo zerado/negativo. Regra do EXCEDENTE aplicada.
88749,"THINKCENTRE DELL I5, 8GB RAM, SSD 256GB NS 2D55DD2",10974,216,39,39,MICRO TIPO I,VAZIO,100,EXCEDENTE (IS_EXCHANGE),Item de contrato atrelado está com saldo zerado/negativo. Regra do EXCEDENTE aplicada.
88750,"THINKCENTRE DELL I5, 8GB RAM, SSD 256GB NS 2P66DD2",10974,216,39,39,MICRO TIPO I,VAZIO,100,EXCEDENTE (IS_EXCHANGE),Item de contrato atrelado está com saldo zerado/negativo. Regra do EXCEDENTE aplicada.
88751,"THINKCENTRE DELL I5, 8GB RAM, SSD 256GB NS 3WB10M2",10974,216,39,39,MICRO TIPO I,VAZIO,100,EXCEDENTE (IS_EXCHANGE),Item de contrato atrelado está com saldo zerado/negativo. Regra do EXCEDENTE aplicada.
88752,"THINKCENTRE DELL I5, 8GB RAM, SSD 256GB NS G5M4DD2",10974,216,39,39,MICRO TIPO I,VAZIO,100,EXCEDENTE (IS_EXCHANGE),Item de contrato atrelado está com saldo zerado/negativo. Regra do EXCEDENTE aplicada.
83807,"THINKCENTRE DELL I5, 8GB RAM, SSD 256GB NS D8L3PD2",10974,216,39,39,MICRO TIPO I,VAZIO,100,EXCEDENTE (IS_EXCHANGE),Item de contrato atrelado está com saldo zerado/negativo. Regra do EXCEDENTE aplicada.
83808,"THINKCENTRE DELL I5, 8GB RAM, SSD 256GB NS 8F66DD2",10974,216,39,39,MICRO TIPO I,VAZIO,100,EXCEDENTE (IS_EXCHANGE),Item de contrato atrelado está com saldo zerado/negativo. Regra do EXCEDENTE aplicada.
83809,"THINKCENTRE DELL I5, 8GB RAM, SSD 256GB NS 2CR1DD2",10974,216,39,39,MICRO TIPO I,VAZIO,100,EXCEDENTE (IS_EXCHANGE),Item de contrato atrelado está com saldo zerado/negativo. Regra do EXCEDENTE aplicada.
83810,"THINKCENTRE DELL I5, 8GB RAM, SSD 256GB NS 2ZW2MN2",10974,216,39,39,MICRO TIPO I,VAZIO,100,EXCEDENTE (IS_EXCHANGE),Item de contrato atrelado está com saldo zerado/negativo. Regra do EXCEDENTE aplicada.
83811,"THINKCENTRE DELL I5, 8GB RAM, SSD 256GB NS G360DD2",10974,216,39,39,MICRO TIPO I,VAZIO,100,EXCEDENTE (IS_EXCHANGE),Item de contrato atrelado está com saldo zerado/negativo. Regra do EXCEDENTE aplicada.
83812,"THINKCENTRE DELL I5, 8GB RAM, SSD 256GB NS GBD5DD2",10974,216,39,39,MICRO TIPO I,VAZIO,100,EXCEDENTE (IS_EXCHANGE),Item de contrato atrelado está com saldo zerado/negativo. Regra do EXCEDENTE aplicada.
83813,"THINKCENTRE DELL I5, 8GB RAM, SSD 256GB NS 2CN6DD2",10974,216,39,39,MICRO TIPO I,VAZIO,100,EXCEDENTE (IS_EXCHANGE),Item de contrato atrelado está com saldo zerado/negativo. Regra do EXCEDENTE aplicada.
88697,"THINKCENTRE DELL I5, 8GB RAM, SSD 256GB NS 4G80DD2",10974,216,39,39,MICRO TIPO I,VAZIO,100,EXCEDENTE (IS_EXCHANGE),Item de contrato atrelado está com saldo zerado/negativo. Regra do EXCEDENTE aplicada.
83823,"THINKCENTRE DELL I5, 8GB RAM, SSD 256GB NS 2DR2DD2",10974,216,39,39,MICRO TIPO I,VAZIO,100,EXCEDENTE (IS_EXCHANGE),Item de contrato atrelado está com saldo zerado/negativo. Regra do EXCEDENTE aplicada.
83824,"THINKCENTRE DELL I5, 8GB RAM, SSD 256GB NS  2ZXZLN2",10974,216,39,39,MICRO TIPO I,VAZIO,100,EXCEDENTE (IS_EXCHANGE),Item de contrato atrelado está com saldo zerado/negativo. Regra do EXCEDENTE aplicada.
83801,"THINKCENTRE DELL I5, 8GB RAM, SSD 256GB NS 1XR4PD2",10974,216,39,39,MICRO TIPO I,VAZIO,100,EXCEDENTE (IS_EXCHANGE),Item de contrato atrelado está com saldo zerado/negativo. Regra do EXCEDENTE aplicada.
83802,"THINKCENTRE DELL I5, 8GB RAM, SSD 256GB NS 29N0DD2",10974,216,39,39,MICRO TIPO I,VAZIO,100,EXCEDENTE (IS_EXCHANGE),Item de contrato atrelado está com saldo zerado/negativo. Regra do EXCEDENTE aplicada.
83803,"THINKCENTRE DELL I5, 8GB RAM, SSD 256GB NS 2P71DD2",10974,216,39,39,MICRO TIPO I,VAZIO,100,EXCEDENTE (IS_EXCHANGE),Item de contrato atrelado está com saldo zerado/negativo. Regra do EXCEDENTE aplicada.
83805,"THINKCENTRE DELL I5 8GB RAM, SSD 2256GB NS 2CMLMF2",10974,216,39,39,MICRO TIPO I,VAZIO,100,EXCEDENTE (IS_EXCHANGE),Item de contrato atrelado está com saldo zerado/negativo. Regra do EXCEDENTE aplicada.
83806,"THINKCENTRE DELL I5, 8GB RAM, SSD 256GB NS D904PD2",10974,216,39,39,MICRO TIPO I,VAZIO,100,EXCEDENTE (IS_EXCHANGE),Item de contrato atrelado está com saldo zerado/negativo. Regra do EXCEDENTE aplicada.
88998,"NOTEBOOK LENOVO I5, 8GB RAM, SSD 256GB NS PE0EP90X",10974,216,39,39,NOTEBOOK TIPO II,VAZIO,101,EXCEDENTE (IS_EXCHANGE),Item de contrato atrelado está com saldo zerado/negativo. Regra do EXCEDENTE aplicada.
88999,"NOTEBOOK LENOVO I5, 8GB RAM, SSD 256GB NS PE0EP942",10974,216,39,39,NOTEBOOK TIPO II,VAZIO,101,EXCEDENTE (IS_EXCHANGE),Item de contrato atrelado está com saldo zerado/negativo. Regra do EXCEDENTE aplicada.
89000,"NOTEBOOK LENOVO I5, 8GB RAM, SSD 256GB NS PE0EP939",10974,216,39,39,NOTEBOOK TIPO II,VAZIO,101,EXCEDENTE (IS_EXCHANGE),Item de contrato atrelado está com saldo zerado/negativo. Regra do EXCEDENTE aplicada.
89421,"NOTEBOOK LENOVO I5, 8GB RAM, SSD 256GB NS PE0EP94C",10974,216,39,39,NOTEBOOK TIPO II,VAZIO,101,EXCEDENTE (IS_EXCHANGE),Item de contrato atrelado está com saldo zerado/negativo. Regra do EXCEDENTE aplicada.
89422,"NOTEBOOK LENOVO I5, 8GB RAM, SSD 256GB NS PE0EP944",10974,216,39,39,NOTEBOOK TIPO II,VAZIO,101,EXCEDENTE (IS_EXCHANGE),Item de contrato atrelado está com saldo zerado/negativo. Regra do EXCEDENTE aplicada.
89423,"NOTEBOOK LENOVO I5, 8GB RAM, SSD 256GB NS PE0EP93W",10974,216,39,39,NOTEBOOK TIPO II,VAZIO,101,EXCEDENTE (IS_EXCHANGE),Item de contrato atrelado está com saldo zerado/negativo. Regra do EXCEDENTE aplicada.
89424,"NOTEBOOK LENOVO I5, 8GB RAM, SSD 256GB NS PE0EP8YE",10974,216,39,39,NOTEBOOK TIPO II,VAZIO,101,EXCEDENTE (IS_EXCHANGE),Item de contrato atrelado está com saldo zerado/negativo. Regra do EXCEDENTE aplicada.
89425,"NOTEBOOK LENOVO I5, 8GB RAM, SSD 256GB NS PE0EP950",10974,216,39,39,NOTEBOOK TIPO II,VAZIO,101,EXCEDENTE (IS_EXCHANGE),Item de contrato atrelado está com saldo zerado/negativo. Regra do EXCEDENTE aplicada.
89426,"NOTEBOOK LENOVO I5, 8GB RAM, SSD 256GB NS PE0EP956",10974,216,39,39,NOTEBOOK TIPO II,VAZIO,101,EXCEDENTE (IS_EXCHANGE),Item de contrato atrelado está com saldo zerado/negativo. Regra do EXCEDENTE aplicada.
89427,"NOTEBOOK LENOVO I5, 8GB RAM, SSD 256GB NS PE0EP92L",10974,216,39,39,NOTEBOOK TIPO II,VAZIO,101,EXCEDENTE (IS_EXCHANGE),Item de contrato atrelado está com saldo zerado/negativo. Regra do EXCEDENTE aplicada.
89428,"NOTEBOOK LENOVO I5, 8GB RAM, SSD 256GB NS PE0EP90Z",10974,216,39,39,NOTEBOOK TIPO II,VAZIO,101,EXCEDENTE (IS_EXCHANGE),Item de contrato atrelado está com saldo zerado/negativo. Regra do EXCEDENTE aplicada.
89429,"NOTEBOOK LENOVO I5, 8GB RAM, SSD 256GB NS PE0EP94A",10974,216,39,39,NOTEBOOK TIPO II,VAZIO,101,EXCEDENTE (IS_EXCHANGE),Item de contrato atrelado está com saldo zerado/negativo. Regra do EXCEDENTE aplicada.
89430,"NOTEBOOK LENOVO I5, 8GB RAM, SSD 256GB NS PE0EP94L",10974,216,39,39,NOTEBOOK TIPO II,VAZIO,101,EXCEDENTE (IS_EXCHANGE),Item de contrato atrelado está com saldo zerado/negativo. Regra do EXCEDENTE aplicada.
89431,"NOTEBOOK LENOVO I5, 8GB RAM, SSD 256GB NS PE0EP94G",10974,216,39,39,NOTEBOOK TIPO II,VAZIO,101,EXCEDENTE (IS_EXCHANGE),Item de contrato atrelado está com saldo zerado/negativo. Regra do EXCEDENTE aplicada.
89432,"NOTEBOOK LENOVO I5, 8GB RAM, SSD 256GB NS PE0EP92T",10974,216,39,39,NOTEBOOK TIPO II,VAZIO,101,EXCEDENTE (IS_EXCHANGE),Item de contrato atrelado está com saldo zerado/negativo. Regra do EXCEDENTE aplicada.
89433,"NOTEBOOK LENOVO I5, 8GB RAM, SSD 256GB NS PE0EP926",10974,216,39,39,NOTEBOOK TIPO II,VAZIO,101,EXCEDENTE (IS_EXCHANGE),Item de contrato atrelado está com saldo zerado/negativo. Regra do EXCEDENTE aplicada.
89434,"NOTEBOOK LENOVO I5, 8GB RAM, SSD 256GB NS PE0EP94B",10974,216,39,39,NOTEBOOK TIPO II,VAZIO,101,EXCEDENTE (IS_EXCHANGE),Item de contrato atrelado está com saldo zerado/negativo. Regra do EXCEDENTE aplicada.
89435,"NOTEBOOK LENOVO I5, 8GB RAM, SSD 256GB NS PE0EP945",10974,216,39,39,NOTEBOOK TIPO II,VAZIO,101,EXCEDENTE (IS_EXCHANGE),Item de contrato atrelado está com saldo zerado/negativo. Regra do EXCEDENTE aplicada.
89436,"NOTEBOOK LENOVO I5, 8GB RAM, SSD 256GB NS PE0EP946",10974,216,39,39,NOTEBOOK TIPO II,VAZIO,101,EXCEDENTE (IS_EXCHANGE),Item de contrato atrelado está com saldo zerado/negativo. Regra do EXCEDENTE aplicada.
89437,"NOTEBOOK LENOVO I5, 8GB RAM, SSD 256GB NS PE0EP930",10974,216,39,39,NOTEBOOK TIPO II,VAZIO,101,EXCEDENTE (IS_EXCHANGE),Item de contrato atrelado está com saldo zerado/negativo. Regra do EXCEDENTE aplicada.
89438,"NOTEBOOK LENOVO I5, 8GB RAM, SSD 256GB NS PE0EP92F",10974,216,39,39,NOTEBOOK TIPO II,VAZIO,101,EXCEDENTE (IS_EXCHANGE),Item de contrato atrelado está com saldo zerado/negativo. Regra do EXCEDENTE aplicada.
88997,"NOTEBOOK LENOVO I5, 8GB RAM, SSD 256GB NS PE0EP93X",10974,216,39,39,NOTEBOOK TIPO II,VAZIO,101,EXCEDENTE (IS_EXCHANGE),Item de contrato atrelado está com saldo zerado/negativo. Regra do EXCEDENTE aplicada.
89683,"THINKCENTRE HP I7, 8GB RAM, SSD 256GB NS 8CG73841P3",10974,216,39,39,MICRO TIPO I,VAZIO,100,EXCEDENTE (IS_EXCHANGE),Item de contrato atrelado está com saldo zerado/negativo. Regra do EXCEDENTE aplicada.
89590,"THINKCENTRE DELL I7, 8GB RAM, SSD 256GB NS F1D8XG2",10974,216,39,39,MICRO TIPO I,VAZIO,100,EXCEDENTE (IS_EXCHANGE),Item de contrato atrelado está com saldo zerado/negativo. Regra do EXCEDENTE aplicada.
89591,"THINKCENTRE LENOVO I7, 8GB RAM, SSD 240GB NS MJ058KMF",10974,216,39,39,MICRO TIPO I,VAZIO,100,EXCEDENTE (IS_EXCHANGE),Item de contrato atrelado está com saldo zerado/negativo. Regra do EXCEDENTE aplicada.
91415,"THINKCENTRE HP I5, 8GB RAM, SSD 120GB NS 8CG9127XJ9",10974,216,39,39,MICRO TIPO I,VAZIO,100,EXCEDENTE (IS_EXCHANGE),Item de contrato atrelado está com saldo zerado/negativo. Regra do EXCEDENTE aplicada.
64429,MULTIFUNCIONAL LASER MONO BROTHER DW MFCL-6912DW NS,10710,852,48,48,IMPRESSORA MONOCROMÁTICO LASER –  PÁGINAS A4,VAZIO,122,EXCEDENTE (IS_EXCHANGE),Item de contrato atrelado está com saldo zerado/negativo. Regra do EXCEDENTE aplicada.
64430,MULTIFUNCIONAL LASER MONO BROTHER DW MFCL-6912DW NS,10710,852,48,48,IMPRESSORA MONOCROMÁTICO LASER –  PÁGINAS A4,VAZIO,122,EXCEDENTE (IS_EXCHANGE),Item de contrato atrelado está com saldo zerado/negativo. Regra do EXCEDENTE aplicada.
64431,MULTIFUNCIONAL LASER MONO BROTHER DW MFCL-6912DW NS,10710,852,48,48,IMPRESSORA MONOCROMÁTICO LASER –  PÁGINAS A4,VAZIO,122,EXCEDENTE (IS_EXCHANGE),Item de contrato atrelado está com saldo zerado/negativo. Regra do EXCEDENTE aplicada.
64432,MULTIFUNCIONAL LASER MONO BROTHER DW MFCL-6912DW NS,10710,852,48,48,IMPRESSORA MONOCROMÁTICO LASER –  PÁGINAS A4,VAZIO,122,EXCEDENTE (IS_EXCHANGE),Item de contrato atrelado está com saldo zerado/negativo. Regra do EXCEDENTE aplicada.
64433,MULTIFUNCIONAL LASER MONO BROTHER DW MFCL-6912DW NS,10710,852,48,48,IMPRESSORA MONOCROMÁTICO LASER –  PÁGINAS A4,VAZIO,122,EXCEDENTE (IS_EXCHANGE),Item de contrato atrelado está com saldo zerado/negativo. Regra do EXCEDENTE aplicada.
64434,MULTIFUNCIONAL LASER MONO BROTHER DW MFCL-6912DW NS,10710,852,48,48,IMPRESSORA MONOCROMÁTICO LASER –  PÁGINAS A4,VAZIO,122,EXCEDENTE (IS_EXCHANGE),Item de contrato atrelado está com saldo zerado/negativo. Regra do EXCEDENTE aplicada.
64435,MULTIFUNCIONAL LASER MONO BROTHER DW MFCL-6912DW NS,10710,852,48,48,IMPRESSORA MONOCROMÁTICO LASER –  PÁGINAS A4,VAZIO,122,EXCEDENTE (IS_EXCHANGE),Item de contrato atrelado está com saldo zerado/negativo. Regra do EXCEDENTE aplicada.
64436,MULTIFUNCIONAL LASER MONO BROTHER DW MFCL-6912DW NS,10710,852,48,48,IMPRESSORA MONOCROMÁTICO LASER –  PÁGINAS A4,VAZIO,122,EXCEDENTE (IS_EXCHANGE),Item de contrato atrelado está com saldo zerado/negativo. Regra do EXCEDENTE aplicada.
64437,MULTIFUNCIONAL LASER MONO BROTHER DW MFCL-6912DW NS,10710,852,48,48,IMPRESSORA MONOCROMÁTICO LASER –  PÁGINAS A4,VAZIO,122,EXCEDENTE (IS_EXCHANGE),Item de contrato atrelado está com saldo zerado/negativo. Regra do EXCEDENTE aplicada.
64438,MULTIFUNCIONAL LASER MONO BROTHER DW MFCL-6912DW NS,10710,852,48,48,IMPRESSORA MONOCROMÁTICO LASER –  PÁGINAS A4,VAZIO,122,EXCEDENTE (IS_EXCHANGE),Item de contrato atrelado está com saldo zerado/negativo. Regra do EXCEDENTE aplicada.
64439,MULTIFUNCIONAL LASER MONO BROTHER DW MFCL-6912DW NS,10710,852,48,48,IMPRESSORA MONOCROMÁTICO LASER –  PÁGINAS A4,VAZIO,122,EXCEDENTE (IS_EXCHANGE),Item de contrato atrelado está com saldo zerado/negativo. Regra do EXCEDENTE aplicada.
64440,MULTIFUNCIONAL LASER MONO BROTHER DW MFCL-6912DW NS,10710,852,48,48,IMPRESSORA MONOCROMÁTICO LASER –  PÁGINAS A4,VAZIO,122,EXCEDENTE (IS_EXCHANGE),Item de contrato atrelado está com saldo zerado/negativo. Regra do EXCEDENTE aplicada.
64441,MULTIFUNCIONAL LASER MONO BROTHER DW MFCL-6912DW NS,10710,852,48,48,IMPRESSORA MONOCROMÁTICO LASER –  PÁGINAS A4,VAZIO,122,EXCEDENTE (IS_EXCHANGE),Item de contrato atrelado está com saldo zerado/negativo. Regra do EXCEDENTE aplicada.
64442,MULTIFUNCIONAL LASER MONO BROTHER DW MFCL-6912DW NS,10710,852,48,48,IMPRESSORA MONOCROMÁTICO LASER –  PÁGINAS A4,VAZIO,122,EXCEDENTE (IS_EXCHANGE),Item de contrato atrelado está com saldo zerado/negativo. Regra do EXCEDENTE aplicada.
64443,MULTIFUNCIONAL LASER MONO BROTHER DW MFCL-6912DW NS,10710,852,48,48,IMPRESSORA MONOCROMÁTICO LASER –  PÁGINAS A4,VAZIO,122,EXCEDENTE (IS_EXCHANGE),Item de contrato atrelado está com saldo zerado/negativo. Regra do EXCEDENTE aplicada.
64444,MULTIFUNCIONAL LASER MONO BROTHER DW MFCL-6912DW NS,10710,852,48,48,IMPRESSORA MONOCROMÁTICO LASER –  PÁGINAS A4,VAZIO,122,EXCEDENTE (IS_EXCHANGE),Item de contrato atrelado está com saldo zerado/negativo. Regra do EXCEDENTE aplicada.
64445,MULTIFUNCIONAL LASER MONO BROTHER DW MFCL-6912DW NS,10710,852,48,48,IMPRESSORA MONOCROMÁTICO LASER –  PÁGINAS A4,VAZIO,122,EXCEDENTE (IS_EXCHANGE),Item de contrato atrelado está com saldo zerado/negativo. Regra do EXCEDENTE aplicada.
64446,MULTIFUNCIONAL LASER MONO BROTHER DW MFCL-6912DW NS,10710,852,48,48,IMPRESSORA MONOCROMÁTICO LASER –  PÁGINAS A4,VAZIO,122,EXCEDENTE (IS_EXCHANGE),Item de contrato atrelado está com saldo zerado/negativo. Regra do EXCEDENTE aplicada.
64447,MULTIFUNCIONAL LASER MONO BROTHER DW MFCL-6912DW NS,10710,852,48,48,IMPRESSORA MONOCROMÁTICO LASER –  PÁGINAS A4,VAZIO,122,EXCEDENTE (IS_EXCHANGE),Item de contrato atrelado está com saldo zerado/negativo. Regra do EXCEDENTE aplicada.
64448,MULTIFUNCIONAL LASER MONO BROTHER DW MFCL-6912DW NS,10710,852,48,48,IMPRESSORA MONOCROMÁTICO LASER –  PÁGINAS A4,VAZIO,122,EXCEDENTE (IS_EXCHANGE),Item de contrato atrelado está com saldo zerado/negativo. Regra do EXCEDENTE aplicada.
64449,MULTIFUNCIONAL LASER MONO BROTHER DW MFCL-6912DW NS,10710,852,48,48,IMPRESSORA MONOCROMÁTICO LASER –  PÁGINAS A4,VAZIO,122,EXCEDENTE (IS_EXCHANGE),Item de contrato atrelado está com saldo zerado/negativo. Regra do EXCEDENTE aplicada.
64450,MULTIFUNCIONAL LASER MONO BROTHER DW MFCL-6912DW NS,10710,852,48,48,IMPRESSORA MONOCROMÁTICO LASER –  PÁGINAS A4,VAZIO,122,EXCEDENTE (IS_EXCHANGE),Item de contrato atrelado está com saldo zerado/negativo. Regra do EXCEDENTE aplicada.
64451,MULTIFUNCIONAL LASER MONO BROTHER DW MFCL-6912DW NS,10710,852,48,48,IMPRESSORA MONOCROMÁTICO LASER –  PÁGINAS A4,VAZIO,122,EXCEDENTE (IS_EXCHANGE),Item de contrato atrelado está com saldo zerado/negativo. Regra do EXCEDENTE aplicada.
64452,MULTIFUNCIONAL LASER MONO BROTHER DW MFCL-6912DW NS,10710,852,48,48,IMPRESSORA MONOCROMÁTICO LASER –  PÁGINAS A4,VAZIO,122,EXCEDENTE (IS_EXCHANGE),Item de contrato atrelado está com saldo zerado/negativo. Regra do EXCEDENTE aplicada.
64453,MULTIFUNCIONAL LASER MONO BROTHER DW MFCL-6912DW NS,10710,852,48,48,IMPRESSORA MONOCROMÁTICO LASER –  PÁGINAS A4,VAZIO,122,EXCEDENTE (IS_EXCHANGE),Item de contrato atrelado está com saldo zerado/negativo. Regra do EXCEDENTE aplicada.
64454,MULTIFUNCIONAL LASER MONO BROTHER DW MFCL-6912DW NS,10710,852,48,48,IMPRESSORA MONOCROMÁTICO LASER –  PÁGINAS A4,VAZIO,122,EXCEDENTE (IS_EXCHANGE),Item de contrato atrelado está com saldo zerado/negativo. Regra do EXCEDENTE aplicada.
64455,MULTIFUNCIONAL LASER MONO BROTHER DW MFCL-6912DW NS,10710,852,48,48,IMPRESSORA MONOCROMÁTICO LASER –  PÁGINAS A4,VAZIO,122,EXCEDENTE (IS_EXCHANGE),Item de contrato atrelado está com saldo zerado/negativo. Regra do EXCEDENTE aplicada.
64456,MULTIFUNCIONAL LASER MONO BROTHER DW MFCL-6912DW NS,10710,852,48,48,IMPRESSORA MONOCROMÁTICO LASER –  PÁGINAS A4,VAZIO,122,EXCEDENTE (IS_EXCHANGE),Item de contrato atrelado está com saldo zerado/negativo. Regra do EXCEDENTE aplicada.
64457,MULTIFUNCIONAL LASER MONO BROTHER DW MFCL-6912DW NS,10710,852,48,48,IMPRESSORA MONOCROMÁTICO LASER –  PÁGINAS A4,VAZIO,122,EXCEDENTE (IS_EXCHANGE),Item de contrato atrelado está com saldo zerado/negativo. Regra do EXCEDENTE aplicada.
64458,MULTIFUNCIONAL LASER MONO BROTHER DW MFCL-6912DW NS,10710,852,48,48,IMPRESSORA MONOCROMÁTICO LASER –  PÁGINAS A4,VAZIO,122,EXCEDENTE (IS_EXCHANGE),Item de contrato atrelado está com saldo zerado/negativo. Regra do EXCEDENTE aplicada.
64459,MULTIFUNCIONAL LASER MONO BROTHER DW MFCL-6912DW NS,10710,852,48,48,IMPRESSORA MONOCROMÁTICO LASER –  PÁGINAS A4,VAZIO,122,EXCEDENTE (IS_EXCHANGE),Item de contrato atrelado está com saldo zerado/negativo. Regra do EXCEDENTE aplicada.
64460,MULTIFUNCIONAL LASER MONO BROTHER DW MFCL-6912DW NS,10710,852,48,48,IMPRESSORA MONOCROMÁTICO LASER –  PÁGINAS A4,VAZIO,122,EXCEDENTE (IS_EXCHANGE),Item de contrato atrelado está com saldo zerado/negativo. Regra do EXCEDENTE aplicada.
64461,MULTIFUNCIONAL LASER MONO BROTHER DW MFCL-6912DW NS,10710,852,48,48,IMPRESSORA MONOCROMÁTICO LASER –  PÁGINAS A4,VAZIO,122,EXCEDENTE (IS_EXCHANGE),Item de contrato atrelado está com saldo zerado/negativo. Regra do EXCEDENTE aplicada.
64462,MULTIFUNCIONAL LASER MONO BROTHER DW MFCL-6912DW NS,10710,852,48,48,IMPRESSORA MONOCROMÁTICO LASER –  PÁGINAS A4,VAZIO,122,EXCEDENTE (IS_EXCHANGE),Item de contrato atrelado está com saldo zerado/negativo. Regra do EXCEDENTE aplicada.
64463,MULTIFUNCIONAL LASER MONO BROTHER DW MFCL-6912DW NS,10710,852,48,48,IMPRESSORA MONOCROMÁTICO LASER –  PÁGINAS A4,VAZIO,122,EXCEDENTE (IS_EXCHANGE),Item de contrato atrelado está com saldo zerado/negativo. Regra do EXCEDENTE aplicada.
64464,MULTIFUNCIONAL LASER MONO BROTHER DW MFCL-6912DW NS,10710,852,48,48,IMPRESSORA MONOCROMÁTICO LASER –  PÁGINAS A4,VAZIO,122,EXCEDENTE (IS_EXCHANGE),Item de contrato atrelado está com saldo zerado/negativo. Regra do EXCEDENTE aplicada.
64465,MULTIFUNCIONAL LASER MONO BROTHER DW MFCL-6912DW NS,10710,852,48,48,IMPRESSORA MONOCROMÁTICO LASER –  PÁGINAS A4,VAZIO,122,EXCEDENTE (IS_EXCHANGE),Item de contrato atrelado está com saldo zerado/negativo. Regra do EXCEDENTE aplicada.
64466,MULTIFUNCIONAL LASER MONO BROTHER DW MFCL-6912DW NS,10710,852,48,48,IMPRESSORA MONOCROMÁTICO LASER –  PÁGINAS A4,VAZIO,122,EXCEDENTE (IS_EXCHANGE),Item de contrato atrelado está com saldo zerado/negativo. Regra do EXCEDENTE aplicada.
64467,MULTIFUNCIONAL LASER MONO BROTHER DW MFCL-6912DW NS,10710,852,48,48,IMPRESSORA MONOCROMÁTICO LASER –  PÁGINAS A4,VAZIO,122,EXCEDENTE (IS_EXCHANGE),Item de contrato atrelado está com saldo zerado/negativo. Regra do EXCEDENTE aplicada.
64468,MULTIFUNCIONAL LASER MONO BROTHER DW MFCL-6912DW NS,10710,852,48,48,IMPRESSORA MONOCROMÁTICO LASER –  PÁGINAS A4,VAZIO,122,EXCEDENTE (IS_EXCHANGE),Item de contrato atrelado está com saldo zerado/negativo. Regra do EXCEDENTE aplicada.
64469,MULTIFUNCIONAL LASER MONO BROTHER DW MFCL-6912DW NS,10710,852,48,48,IMPRESSORA MONOCROMÁTICO LASER –  PÁGINAS A4,VAZIO,122,EXCEDENTE (IS_EXCHANGE),Item de contrato atrelado está com saldo zerado/negativo. Regra do EXCEDENTE aplicada.
64470,MULTIFUNCIONAL LASER MONO BROTHER DW MFCL-6912DW NS,10710,852,48,48,IMPRESSORA MONOCROMÁTICO LASER –  PÁGINAS A4,VAZIO,122,EXCEDENTE (IS_EXCHANGE),Item de contrato atrelado está com saldo zerado/negativo. Regra do EXCEDENTE aplicada.
64471,MULTIFUNCIONAL LASER MONO BROTHER DW MFCL-6912DW NS,10710,852,48,48,IMPRESSORA MONOCROMÁTICO LASER –  PÁGINAS A4,VAZIO,122,EXCEDENTE (IS_EXCHANGE),Item de contrato atrelado está com saldo zerado/negativo. Regra do EXCEDENTE aplicada.
64472,MULTIFUNCIONAL LASER MONO BROTHER DW MFCL-6912DW NS,10710,852,48,48,IMPRESSORA MONOCROMÁTICO LASER –  PÁGINAS A4,VAZIO,122,EXCEDENTE (IS_EXCHANGE),Item de contrato atrelado está com saldo zerado/negativo. Regra do EXCEDENTE aplicada.
64473,MULTIFUNCIONAL LASER MONO BROTHER DW MFCL-6912DW NS,10710,852,48,48,IMPRESSORA MONOCROMÁTICO LASER –  PÁGINAS A4,VAZIO,122,EXCEDENTE (IS_EXCHANGE),Item de contrato atrelado está com saldo zerado/negativo. Regra do EXCEDENTE aplicada.
64474,MULTIFUNCIONAL LASER MONO BROTHER DW MFCL-6912DW NS,10710,852,48,48,IMPRESSORA MONOCROMÁTICO LASER –  PÁGINAS A4,VAZIO,122,EXCEDENTE (IS_EXCHANGE),Item de contrato atrelado está com saldo zerado/negativo. Regra do EXCEDENTE aplicada.
64475,MULTIFUNCIONAL LASER MONO BROTHER DW MFCL-6912DW NS,10710,852,48,48,IMPRESSORA MONOCROMÁTICO LASER –  PÁGINAS A4,VAZIO,122,EXCEDENTE (IS_EXCHANGE),Item de contrato atrelado está com saldo zerado/negativo. Regra do EXCEDENTE aplicada.
64476,MULTIFUNCIONAL LASER MONO BROTHER DW MFCL-6912DW NS,10710,852,48,48,IMPRESSORA MONOCROMÁTICO LASER –  PÁGINAS A4,VAZIO,122,EXCEDENTE (IS_EXCHANGE),Item de contrato atrelado está com saldo zerado/negativo. Regra do EXCEDENTE aplicada.
64477,MULTIFUNCIONAL LASER MONO BROTHER DW MFCL-6912DW NS,10710,852,48,48,IMPRESSORA MONOCROMÁTICO LASER –  PÁGINAS A4,VAZIO,122,EXCEDENTE (IS_EXCHANGE),Item de contrato atrelado está com saldo zerado/negativo. Regra do EXCEDENTE aplicada.
64478,MULTIFUNCIONAL LASER MONO BROTHER DW MFCL-6912DW NS,10710,852,48,48,IMPRESSORA MONOCROMÁTICO LASER –  PÁGINAS A4,VAZIO,122,EXCEDENTE (IS_EXCHANGE),Item de contrato atrelado está com saldo zerado/negativo. Regra do EXCEDENTE aplicada.
64479,MULTIFUNCIONAL LASER MONO BROTHER DW MFCL-6912DW NS,10710,852,48,48,IMPRESSORA MONOCROMÁTICO LASER –  PÁGINAS A4,VAZIO,122,EXCEDENTE (IS_EXCHANGE),Item de contrato atrelado está com saldo zerado/negativo. Regra do EXCEDENTE aplicada.
64480,MULTIFUNCIONAL LASER MONO BROTHER DW MFCL-6912DW NS,10710,852,48,48,IMPRESSORA MONOCROMÁTICO LASER –  PÁGINAS A4,VAZIO,122,EXCEDENTE (IS_EXCHANGE),Item de contrato atrelado está com saldo zerado/negativo. Regra do EXCEDENTE aplicada.
64481,MULTIFUNCIONAL LASER MONO BROTHER DW MFCL-6912DW NS,10710,852,48,48,IMPRESSORA MONOCROMÁTICO LASER –  PÁGINAS A4,VAZIO,122,EXCEDENTE (IS_EXCHANGE),Item de contrato atrelado está com saldo zerado/negativo. Regra do EXCEDENTE aplicada.
64482,MULTIFUNCIONAL LASER MONO BROTHER DW MFCL-6912DW NS,10710,852,48,48,IMPRESSORA MONOCROMÁTICO LASER –  PÁGINAS A4,VAZIO,122,EXCEDENTE (IS_EXCHANGE),Item de contrato atrelado está com saldo zerado/negativo. Regra do EXCEDENTE aplicada.
64483,MULTIFUNCIONAL LASER MONO BROTHER DW MFCL-6912DW NS,10710,852,48,48,IMPRESSORA MONOCROMÁTICO LASER –  PÁGINAS A4,VAZIO,122,EXCEDENTE (IS_EXCHANGE),Item de contrato atrelado está com saldo zerado/negativo. Regra do EXCEDENTE aplicada.
64484,MULTIFUNCIONAL LASER MONO BROTHER DW MFCL-6912DW NS,10710,852,48,48,IMPRESSORA MONOCROMÁTICO LASER –  PÁGINAS A4,VAZIO,122,EXCEDENTE (IS_EXCHANGE),Item de contrato atrelado está com saldo zerado/negativo. Regra do EXCEDENTE aplicada.
64485,MULTIFUNCIONAL LASER MONO BROTHER DW MFCL-6912DW NS,10710,852,48,48,IMPRESSORA MONOCROMÁTICO LASER –  PÁGINAS A4,VAZIO,122,EXCEDENTE (IS_EXCHANGE),Item de contrato atrelado está com saldo zerado/negativo. Regra do EXCEDENTE aplicada.
64486,MULTIFUNCIONAL LASER MONO BROTHER DW MFCL-6912DW NS,10710,852,48,48,IMPRESSORA MONOCROMÁTICO LASER –  PÁGINAS A4,VAZIO,122,EXCEDENTE (IS_EXCHANGE),Item de contrato atrelado está com saldo zerado/negativo. Regra do EXCEDENTE aplicada.
64487,MULTIFUNCIONAL LASER MONO BROTHER DW MFCL-6912DW NS,10710,852,48,48,IMPRESSORA MONOCROMÁTICO LASER –  PÁGINAS A4,VAZIO,122,EXCEDENTE (IS_EXCHANGE),Item de contrato atrelado está com saldo zerado/negativo. Regra do EXCEDENTE aplicada.
64489,MULTIFUNCIONAL LASER MONO BROTHER DW MFCL-6912DW NS,10710,852,48,48,IMPRESSORA MONOCROMÁTICO LASER –  PÁGINAS A4,VAZIO,122,EXCEDENTE (IS_EXCHANGE),Item de contrato atrelado está com saldo zerado/negativo. Regra do EXCEDENTE aplicada.
64490,MULTIFUNCIONAL LASER MONO BROTHER DW MFCL-6912DW NS,10710,852,48,48,IMPRESSORA MONOCROMÁTICO LASER –  PÁGINAS A4,VAZIO,122,EXCEDENTE (IS_EXCHANGE),Item de contrato atrelado está com saldo zerado/negativo. Regra do EXCEDENTE aplicada.
85709,MULTIFUNCIONAL LASER MONO BROTHER MFC-L6912DW NS U66800F4N258251,10710,852,48,48,IMPRESSORA MONOCROMÁTICO LASER –  PÁGINAS A4,VAZIO,122,EXCEDENTE (IS_EXCHANGE),Item de contrato atrelado está com saldo zerado/negativo. Regra do EXCEDENTE aplicada.
66181,TRANSFORMADOR 2000VA SLIM PREMIUM,10815,217,6,6,IMPRESSORA POLICROMÁTICO  –  PÁGINAS – A4,VAZIO,24,EXCEDENTE (IS_EXCHANGE),Item de contrato atrelado está com saldo zerado/negativo. Regra do EXCEDENTE aplicada.
66182,TRANSFORMADOR 2000VA SLIM PREMIUM,10815,217,6,6,IMPRESSORA POLICROMÁTICO  –  PÁGINAS – A4,VAZIO,24,EXCEDENTE (IS_EXCHANGE),Item de contrato atrelado está com saldo zerado/negativo. Regra do EXCEDENTE aplicada.
84155,MULTIFUNCIONAL LASER MONO KYOCERA ECOSYS M2040DN/L NS VR94830169,11594,803,82,82,IMPRESSORA MULTIFUNCIONAL MONOCROMÁTICA LASER A4,VAZIO,651,EXCEDENTE (IS_EXCHANGE),Item de contrato atrelado está com saldo zerado/negativo. Regra do EXCEDENTE aplicada.
61011,TRANSFORMADOR 2000VA SLIM PREMIUM FORCELINE SN,10736,213,165,165,IMPRESSORA MULTIFUNCIONAL LASER MONOCROMATICA,VAZIO,2279,EXCEDENTE (IS_EXCHANGE),Item de contrato atrelado está com saldo zerado/negativo. Regra do EXCEDENTE aplicada.
71277,MULTIFUNCIONAL LASER MONO KYOCERA  ECOSYS MA5500IFX NS WDS3Y17358,10849,296,174,174,IMPRESSORA MULTIFUNCIONAL MONOCROMÁTICA,VAZIO,2295,EXCEDENTE (IS_EXCHANGE),Item de contrato atrelado está com saldo zerado/negativo. Regra do EXCEDENTE aplicada.
65416,MULTIFUNCIONAL LASER MONO KYOCERA ECOSYS M3655IDN NS R4P3124512,11813,627,266,266,impressora multifuncional monocromática,VAZIO,2532,EXCEDENTE (IS_EXCHANGE),Item de contrato atrelado está com saldo zerado/negativo. Regra do EXCEDENTE aplicada.
93239,MULTIFUNCIONAL LASER COLOR KYOCERA ECOSYS MA3500CIX NS H7Q5703028,11960,314,35,35,IMPRESSORA POLICROMÁTICO  –  PÁGINAS – A4,VAZIO,93,EXCEDENTE (IS_EXCHANGE),Item de contrato atrelado está com saldo zerado/negativo. Regra do EXCEDENTE aplicada.
93238,MULTIFUNCIONAL LASER COLOR KYOCERA ECOSYS MA3500CIX NS H7Q5702978,11960,314,35,35,IMPRESSORA POLICROMÁTICO  –  PÁGINAS – A4,VAZIO,93,EXCEDENTE (IS_EXCHANGE),Item de contrato atrelado está com saldo zerado/negativo. Regra do EXCEDENTE aplicada.
93242,MULTIFUNCIONAL LASER COLOR KYOCERA ECOSYS MA3500CIX NS H7Q5703002,11960,314,35,35,IMPRESSORA POLICROMÁTICO  –  PÁGINAS – A4,VAZIO,93,EXCEDENTE (IS_EXCHANGE),Item de contrato atrelado está com saldo zerado/negativo. Regra do EXCEDENTE aplicada.
93240,MULTIFUNCIONAL LASER COLOR KYOCERA ECOSYS MA3500CIX NS H7Q5703003,11960,314,35,35,IMPRESSORA POLICROMÁTICO  –  PÁGINAS – A4,VAZIO,93,EXCEDENTE (IS_EXCHANGE),Item de contrato atrelado está com saldo zerado/negativo. Regra do EXCEDENTE aplicada.
