CLIENTE_ID,CLIENTE_NOME,EQUIPAMENTO_ID,TOMBO,EQUIPAMENTO_NOME,SITUACAO,ORGAO_CLIENTE,DATA_LOCACAO,CONTRATO,ITEM_DO_CONTRATO,DESCRICAO_ITEM,QUANTIDADE_ITEM_NO_CONTRATO,ID_EVENTO,TIPO_EQUIPAMENTO,CONTRACT_ID
11190,MINISTÉRIO DE RELAÇÕES EXTERIORES - SP,,55057,MULTIFUNCIONAL JATO DE TINTA CANON G4110 NS KLPF57877,Alugado,AS SISTEMAS,31/01/2025,ESCRITORIO DE REPRESENTAÇÃO DO MINISTÉRIO DAS RELAÇÕES EXTERIORES,Outsourcing de Impressão - Locação de Equipamento JATO DE TINTA,Canon G4110,2,707,,256
11190,MINISTÉRIO DE RELAÇÕES EXTERIORES - SP,,54819,MULTIFUNCIONAL JATO DE TINTA CANON G4110 NS KLPF58085,Alugado,AS SISTEMAS,31/01/2025,ESCRITORIO DE REPRESENTAÇÃO DO MINISTÉRIO DAS RELAÇÕES EXTERIORES,Outsourcing de Impressão - Locação de Equipamento JATO DE TINTA,Canon G4110,2,707,,256
11190,MINISTÉRIO DE RELAÇÕES EXTERIORES - SP,,64067,MULTIFUNCIONAL LASER COLOR KYOCERA ECOSYS MA3500CIX NS H7Q3300015,Alugado,AS SISTEMAS,31/01/2025,ESCRITORIO DE REPRESENTAÇÃO DO MINISTÉRIO DAS RELAÇÕES EXTERIORES,Outsourcing de Impressão - Locação de Equipamento COLOR,Kyocera ECOSYS_MA3500cix,1,707,,256
11190,MINISTÉRIO DE RELAÇÕES EXTERIORES - SP,,62815,MULTIFUNCIONAL LASER MONO KYOCERA ECOSYS M2640IDW NS VRA3735424,Alugado,AS SISTEMAS,31/01/2025,ESCRITORIO DE REPRESENTAÇÃO DO MINISTÉRIO DAS RELAÇÕES EXTERIORES,Outsourcing de Impressão - Locação de Equipamento MONO,Kyocera ECOSYS_M2640idw,1,707,,256
11623,P M  DE URUOCA - ADMINISTRAÇÃO,,69719,TRANSFORMADOR 2000VA FORCELINE,Alugado,,12/09/2025,,,,,,,
11623,P M  DE URUOCA - ADMINISTRAÇÃO,,83887,MULTIFUNCIONAL LASER MONO PANTUM BM5110ADW NS CR7RV0011P,Alugado,AS SISTEMAS,12/09/2025,PREFEITURA MUNICIPAL DE URUOCA - GESTÃO DE CONTRATO,Outsourcing de Impressão P&B,PANTUM BM5100FDW,2,712,,259
11583,"PM DE URUOCA - ""SEC. MUNICIPAL DA EDUCAÇÃO - FUNDEB",,83900,TRANSFORMADOR 2000VA FORCELINE,Alugado,,01/09/2025,,,,,,,
11583,"PM DE URUOCA - ""SEC. MUNICIPAL DA EDUCAÇÃO - FUNDEB",,83896,TRANSFORMADOR 2000VA FORCELINE,Alugado,,19/08/2025,,,,,,,
11583,"PM DE URUOCA - ""SEC. MUNICIPAL DA EDUCAÇÃO - FUNDEB",,83894,TRANSFORMADOR 2000VA FORCELINE,Alugado,,19/08/2025,,,,,,,
11583,"PM DE URUOCA - ""SEC. MUNICIPAL DA EDUCAÇÃO - FUNDEB",,83893,TRANSFORMADOR 2000VA FORCELINE,Alugado,,19/08/2025,,,,,,,
11583,"PM DE URUOCA - ""SEC. MUNICIPAL DA EDUCAÇÃO - FUNDEB",,83884,MULTIFUNCIONAL LASER MONO PANTUM BM5110ADW NS CR7RV0011U,Alugado,AS SISTEMAS,26/09/2025,GOVERNO MUNICIPAL DE URUOCA - FUNDEB- FUNDO DES.DA EDUCACAO BASICA E VAL MAGIST,Outsourcing de Impressão P&B,PANTUM BM5100FDW,6,708,,257
11583,"PM DE URUOCA - ""SEC. MUNICIPAL DA EDUCAÇÃO - FUNDEB",,83883,MULTIFUNCIONAL LASER MONO PANTUM BM5110ADW NS CR7RV00141,Alugado,AS SISTEMAS,19/08/2025,GOVERNO MUNICIPAL DE URUOCA - FUNDEB- FUNDO DES.DA EDUCACAO BASICA E VAL MAGIST,Outsourcing de Impressão P&B,PANTUM BM5100FDW,6,708,,257
11583,"PM DE URUOCA - ""SEC. MUNICIPAL DA EDUCAÇÃO - FUNDEB",,88800,MULTIFUNCIONAL LASER MONO PANTUM BM5110ADW NS CR7RV00117,Alugado,AS SISTEMAS,19/08/2025,GOVERNO MUNICIPAL DE URUOCA - FUNDEB- FUNDO DES.DA EDUCACAO BASICA E VAL MAGIST,Outsourcing de Impressão P&B,PANTUM BM5100FDW,6,708,,257
11583,"PM DE URUOCA - ""SEC. MUNICIPAL DA EDUCAÇÃO - FUNDEB",,88798,MULTIFUNCIONAL LASER MONO PANTUM BM5110ADW NS CR7RV00116,Alugado,AS SISTEMAS,19/08/2025,GOVERNO MUNICIPAL DE URUOCA - FUNDEB- FUNDO DES.DA EDUCACAO BASICA E VAL MAGIST,Outsourcing de Impressão P&B,PANTUM BM5100FDW,6,708,,257
11583,"PM DE URUOCA - ""SEC. MUNICIPAL DA EDUCAÇÃO - FUNDEB",,88797,MULTIFUNCIONAL LASER MONO PANTUM BM5110ADW NS CR7RV00113,Substituição Alugado,AS SISTEMAS,12/12/2025,GOVERNO MUNICIPAL DE URUOCA - FUNDEB- FUNDO DES.DA EDUCACAO BASICA E VAL MAGIST,Outsourcing de Impressão P&B,PANTUM BM5100FDW,6,708,,257
11583,"PM DE URUOCA - ""SEC. MUNICIPAL DA EDUCAÇÃO - FUNDEB",,88796,MULTIFUNCIONAL LASER MONO PANTUM BM5110ADW NS CR7RV0013A,Alugado,AS SISTEMAS,19/08/2025,GOVERNO MUNICIPAL DE URUOCA - FUNDEB- FUNDO DES.DA EDUCACAO BASICA E VAL MAGIST,Outsourcing de Impressão P&B,PANTUM BM5100FDW,6,708,,257
11583,"PM DE URUOCA - ""SEC. MUNICIPAL DA EDUCAÇÃO - FUNDEB",,88795,MULTIFUNCIONAL LASER MONO PANTUM BM5110ADW NS CR7RV0013J,Alugado,AS SISTEMAS,19/08/2025,GOVERNO MUNICIPAL DE URUOCA - FUNDO MUNICIPAL DE SAÚDE,Outsourcing de Impressão P&B,PANTUM BM5100FDW,3,714,,260
11583,"PM DE URUOCA - ""SEC. MUNICIPAL DA EDUCAÇÃO - FUNDEB",,88794,MULTIFUNCIONAL LASER MONO PANTUM BM5110ADW NS CR7RV00137,Alugado,AS SISTEMAS,19/08/2025,GOVERNO MUNICIPAL DE URUOCA - FUNDO MUNICIPAL DE SAÚDE,Outsourcing de Impressão P&B,PANTUM BM5100FDW,3,714,,260
11583,"PM DE URUOCA - ""SEC. MUNICIPAL DA EDUCAÇÃO - FUNDEB",,88793,MULTIFUNCIONAL LASER MONO PANTUM BM5110ADW NS CR7RV0011A,Alugado,AS SISTEMAS,19/08/2025,GOVERNO MUNICIPAL DE URUOCA - FUNDO MUNICIPAL DE SAÚDE,Outsourcing de Impressão P&B,PANTUM BM5100FDW,3,714,,260
11583,"PM DE URUOCA - ""SEC. MUNICIPAL DA EDUCAÇÃO - FUNDEB",,83891,MULTIFUNCIONAL JATO DE TINTA CANON GX7010 NS KNDX23470,Substituição Alugado,AS SISTEMAS,28/01/2026,GOVERNO MUNICIPAL DE URUOCA - FUNDO MUNICIPAL DE EDUCAÇÃO,Outsourcing de Impressão Colorida,CANON 6010,2,716,,261
11583,"PM DE URUOCA - ""SEC. MUNICIPAL DA EDUCAÇÃO - FUNDEB",,88792,MULTIFUNCIONAL LASER MONO PANTUM BM5110ADW NS CR7RV00132,Alugado,AS SISTEMAS,19/08/2025,GOVERNO MUNICIPAL DE URUOCA - FUNDO MUNICIPAL DE SAÚDE,Outsourcing de Impressão P&B,PANTUM BM5100FDW,3,714,,260
11583,"PM DE URUOCA - ""SEC. MUNICIPAL DA EDUCAÇÃO - FUNDEB",,88791,MULTIFUNCIONAL LASER MONO PANTUM BM5110ADW NS CR7RV0013B,Alugado,AS SISTEMAS,19/08/2025,GOVERNO MUNICIPAL DE URUOCA - FUNDO MUNICIPAL DE SAÚDE,Outsourcing de Impressão P&B,PANTUM BM5100FDW,3,714,,260
11583,"PM DE URUOCA - ""SEC. MUNICIPAL DA EDUCAÇÃO - FUNDEB",,88789,MULTIFUNCIONAL LASER MONO PANTUM BM5110ADW NS CR7RV0012J,Alugado,AS SISTEMAS,26/09/2025,GOVERNO MUNICIPAL DE URUOCA - FUNDO MUNICIPAL DE SAÚDE,Outsourcing de Impressão P&B,PANTUM BM5100FDW,3,714,,260
11583,"PM DE URUOCA - ""SEC. MUNICIPAL DA EDUCAÇÃO - FUNDEB",,88788,MULTIFUNCIONAL LASER MONO PANTUM BM5110ADW NS CR7RV0011V,Alugado,AS SISTEMAS,19/08/2025,GOVERNO MUNICIPAL DE URUOCA - FUNDEB- FUNDO DES.DA EDUCACAO BASICA E VAL MAGIST,Outsourcing de Impressão P&B,PANTUM BM5100FDW,6,708,,257
11583,"PM DE URUOCA - ""SEC. MUNICIPAL DA EDUCAÇÃO - FUNDEB",,88787,MULTIFUNCIONAL LASER MONO PANTUM BM5110ADW NS CR7RV0011E,Alugado,AS SISTEMAS,19/08/2025,GOVERNO MUNICIPAL DE URUOCA - FUNDEB- FUNDO DES.DA EDUCACAO BASICA E VAL MAGIST,Outsourcing de Impressão P&B,PANTUM BM5100FDW,6,708,,257
11583,"PM DE URUOCA - ""SEC. MUNICIPAL DA EDUCAÇÃO - FUNDEB",,83889,MULTIFUNCIONAL JATO DE TINTA CANON GX7010 NS KNDX23468,Alugado,AS SISTEMAS,19/08/2025,GOVERNO MUNICIPAL DE URUOCA - FUNDO MUNICIPAL DE EDUCAÇÃO,Outsourcing de Impressão Colorida,CANON 6010,2,716,,261
11583,"PM DE URUOCA - ""SEC. MUNICIPAL DA EDUCAÇÃO - FUNDEB",,88783,MULTIFUNCIONAL LASER MONO PANTUM BM5110ADW NS CR7RV00135,Alugado,AS SISTEMAS,05/09/2025,GOVERNO MUNICIPAL DE URUOCA - FUNDEB- FUNDO DES.DA EDUCACAO BASICA E VAL MAGIST,Outsourcing de Impressão P&B,PANTUM BM5100FDW,6,708,,257
11583,"PM DE URUOCA - ""SEC. MUNICIPAL DA EDUCAÇÃO - FUNDEB",,83872,TRANSFORMADOR 2000VA FORCELINE,Alugado,,19/08/2025,,,,,,,
11583,"PM DE URUOCA - ""SEC. MUNICIPAL DA EDUCAÇÃO - FUNDEB",,83871,TRANSFORMADOR 2000VA FORCELINE,Alugado,,19/08/2025,,,,,,,
11583,"PM DE URUOCA - ""SEC. MUNICIPAL DA EDUCAÇÃO - FUNDEB",,83870,TRANSFORMADOR 2000VA FORCELINE,Substituição Alugado,,01/09/2025,,,,,,,
11583,"PM DE URUOCA - ""SEC. MUNICIPAL DA EDUCAÇÃO - FUNDEB",,87563,TRANSFORMADOR 2000VA FORCELINE,Alugado,,19/08/2025,,,,,,,
11583,"PM DE URUOCA - ""SEC. MUNICIPAL DA EDUCAÇÃO - FUNDEB",,87549,TRANSFORMADOR 2000VA FORCELINE,Alugado,,19/08/2025,,,,,,,
11583,"PM DE URUOCA - ""SEC. MUNICIPAL DA EDUCAÇÃO - FUNDEB",,86914,TRANSFORMADOR 2000VA FORCELINE,Alugado,,19/08/2025,,,,,,,
11583,"PM DE URUOCA - ""SEC. MUNICIPAL DA EDUCAÇÃO - FUNDEB",,86912,TRANSFORMADOR 2000VA FORCELINE,Alugado,,05/09/2025,,,,,,,
11583,"PM DE URUOCA - ""SEC. MUNICIPAL DA EDUCAÇÃO - FUNDEB",,86911,TRANSFORMADOR 2000VA FORCELINE,Alugado,,19/08/2025,,,,,,,
11583,"PM DE URUOCA - ""SEC. MUNICIPAL DA EDUCAÇÃO - FUNDEB",,86909,TRANSFORMADOR 2000VA FORCELINE,Alugado,,19/08/2025,,,,,,,
11583,"PM DE URUOCA - ""SEC. MUNICIPAL DA EDUCAÇÃO - FUNDEB",,68739,TRANSFORMADOR 2000VA FORCELINE,Alugado,,19/08/2025,,,,,,,
11583,"PM DE URUOCA - ""SEC. MUNICIPAL DA EDUCAÇÃO - FUNDEB",,68740,TRANSFORMADOR 2000VA FORCELINE,Alugado,,19/08/2025,,,,,,,
11583,"PM DE URUOCA - ""SEC. MUNICIPAL DA EDUCAÇÃO - FUNDEB",,53009,MULTIFUNCIONAL LASER MONO KYOCERA ECOSYS M2040DN/L NS VR92804919,Substituição Alugado,AS SISTEMAS,28/01/2026,GOVERNO MUNICIPAL DE URUOCA - FUNDEB- FUNDO DES.DA EDUCACAO BASICA E VAL MAGIST,Outsourcing de Impressão P&B,PANTUM BM5100FDW,6,708,,257
11581,"PM DE URUOCA - SEC . GESTÃO PÚBLICA, PLANEJAMENTO E INOVAÇÃO",,86913,TRANSFORMADOR 2000VA FORCELINE,Alugado,,19/08/2025,,,,,,,
11581,"PM DE URUOCA - SEC . GESTÃO PÚBLICA, PLANEJAMENTO E INOVAÇÃO",,54806,MULTIFUNCIONAL LASER MONO KYOCERA ECOSYS M2040DN NS VR92X06710,Substituição Alugado,AS SISTEMAS,28/01/2026,PREFEITURA MUNICIPAL DE URUOCA - GESTÃO DE CONTRATO,Outsourcing de Impressão P&B,PANTUM BM5100FDW,2,712,,259
11582,"PM DE URUOCA - SEC. DESENVOLVIMENTO SOCIAL, TRABALHO, EMPREENDORISMO E RENDA",,83888,MULTIFUNCIONAL JATO DE TINTA CANON GX7010 NS KNDX23453,Alugado,AS SISTEMAS,19/08/2025,GOVERNO MUNICIPAL DE URUOCA - FUNDO MUNICIPAL DE ASSISTENCIA SOCIAL E CIDADANIA,Outsourcing de Impressão Colorida,CANON 6010,1,710,,258
11584,PM DE URUOCA - SEC. MUNICIPAL DA SAÚDE,,79303,TRANSFORMADOR 2000VA FORCELINE,Alugado,,01/09/2025,,,,,,,
11584,PM DE URUOCA - SEC. MUNICIPAL DA SAÚDE,,83898,TRANSFORMADOR 2000VA FORCELINE,Alugado,,19/08/2025,,,,,,,
11584,PM DE URUOCA - SEC. MUNICIPAL DA SAÚDE,,83897,TRANSFORMADOR 2000VA FORCELINE,Alugado,AS SISTEMAS,01/09/2025,GOVERNO MUNICIPAL DE URUOCA - FUNDO MUNICIPAL DE SAÚDE,Outsourcing de Impressão P&B,PANTUM BM5100FDW,3,714,,260
11584,PM DE URUOCA - SEC. MUNICIPAL DA SAÚDE,,83885,MULTIFUNCIONAL LASER MONO PANTUM BM5110ADW NS,Alugado,AS SISTEMAS,19/08/2025,GOVERNO MUNICIPAL DE URUOCA - FUNDO MUNICIPAL DE SAÚDE,Outsourcing de Impressão P&B,PANTUM BM5100FDW,3,714,,260
11584,PM DE URUOCA - SEC. MUNICIPAL DA SAÚDE,,88790,MULTIFUNCIONAL LASER MONO PANTUM BM5110ADW NS CR7RV0011L,Alugado,AS SISTEMAS,01/09/2025,GOVERNO MUNICIPAL DE URUOCA - FUNDO MUNICIPAL DE SAÚDE,Outsourcing de Impressão P&B,PANTUM BM5100FDW,3,714,,260
11584,PM DE URUOCA - SEC. MUNICIPAL DA SAÚDE,,88786,MULTIFUNCIONAL LASER MONO PANTUM BM5110ADW NS CR7RV0012M,Alugado,AS SISTEMAS,01/09/2025,GOVERNO MUNICIPAL DE URUOCA - FUNDO MUNICIPAL DE SAÚDE,Outsourcing de Impressão P&B,PANTUM BM5100FDW,3,714,,260
11584,PM DE URUOCA - SEC. MUNICIPAL DA SAÚDE,,88785,MULTIFUNCIONAL LASER MONO PANTUM BM5110ADW NS CR7RV00134,Alugado,AS SISTEMAS,01/09/2025,GOVERNO MUNICIPAL DE URUOCA - FUNDO MUNICIPAL DE SAÚDE,Outsourcing de Impressão P&B,PANTUM BM5100FDW,3,714,,260
11584,PM DE URUOCA - SEC. MUNICIPAL DA SAÚDE,,88615,TRANSFORMADOR 2000VA FORCELINE,Alugado,,01/09/2025,,,,,,,