alias,name,cpf_cnpj,phone,email,addressable_type,addressable_id,alias_address,zip,street,number,details,district,city,state,country
3I,3I IMPORTAÇÃO E EXPORTAÇÃO LTDA,20.783.843/0002-08,5199443715,SOCIETARIO@G4CONTABILIDADE.COM.BR,supplier,,,88905398,RUA CAVERAZINHO,150,PAVLH 03 04 05 FUNDOS,URUSSANGUINHA,ARARANGUÁ,SC,BRASIL
A R COM DE BOLSAS ATACADO E VAREJO LTDA,A R COM DE BOLSAS ATACADO E VAREJO LTDA,57.279.151/0001-48,1193528569,ARCOMDEBOLSAS123@OUTLOOK.COM,supplier,,,3031010,RUA VITOR HUGO,1219,SALA 21,CANINDÉ,SÃO PAULO,SP,BRASIL
ASS COMERCIO DE PAPEIS E PRODUTOS DIVERSOS LTDA,A. S. SANTOS LTDA,40.659.783/0001-34,4196869828,MEUCNPJ@CONTABILIZEI.COM.BR,supplier,,,5892360,AVENIDA DOM RODRIGO SANCHES,761,,JARDIM AMALIA,SÃO PAULO,SP,BRASIL
A.C.J. IMPORTACAO E EXPORTACAO DE EQUIPAMENTOS PARA INFORMATICA LTDA,A.C.J. IMPORTACAO E EXPORTACAO DE EQUIPAMENTOS PARA INFORMATICA LTDA,18.167.855/0002-58,1937445500,CARLOS@RECYCLEWARE.COM.BR,supplier,,,88305230,RUA ALBINO GUGELMIN,199,SALA 209,BARRA DO RIO,ITAJAÍ,SC,BRASIL
ACBZ IMPORTACAO E COMERCIO LTDA,ACBZ IMPORTACAO E COMERCIO LTDA,09.509.531/0009-36,1140828888,DEPTO_FISCAL@ACBZ.COM.BR,supplier,,,7789100,VIA AC NORTE KM 38,420,GALPAO01 BLOCO 06 SALA 03 - RETAIL,EMPRESARIAL GATO PRETO (JORDANESIA),CAJAMAR,SP,BRASIL
ACF COMERCIO ELETRONICO LTDA,ACF COMERCIO ELETRONICO LTDA,26.075.412/0001-84,2733465300,CARLOS@ACFSTORE.COM.BR,supplier,,,29140080,AVENIDA ESPIRITO SANTO,107,SALA 2,JARDIM AMERICA,CARIACICA,ES,BRASIL
ACTOS COMERCIO IMPORTACAO E EXPORTACAO LTDA,ACTOS COMERCIO IMPORTACAO E EXPORTACAO LTDA,01.998.069/0003-80,8532595665,,supplier,,,60864311,AVENIDA DEPUTADO PAULINO ROCHA,1751,,CAJAZEIRAS,FORTALEZA,CE,BRASIL
AFI,AFI COMERCIAL LTDA,52.086.749/0001-05,1112563080,CONTATO@AFICOMERCIAL.COM.BR,supplier,,,9541350,RUA FLORIANO PEIXOTO,38,,SANTA PAULA,SÃO CAETANO DO SUL,SP,BRASIL
AGIS,AGIS EQUIPAMENTOS E SERVICOS DE INFORMATICA LTDA.,68.993.641/0008-02,2737564600,ALEXANDRA.VIANA@AGIS.COM.BR,supplier,,,29169832,RODOVIA GOVERNADOR MARIO COVAS,SN,SALA 21 MODULOS 02 E 03 KM 263 LADO IMPAR,PITANGA,SERRA,ES,BRASIL
AGIS,AGIS EQUIPAMENTOS E SERVICOS DE INFORMATICA LTDA.,68.993.641/0001-28 ,1937594592,ALEXANDRA.VIANA@AGIS.COM.BR,supplier,,,6714285,RUA PHILIP LEINER,100,SALA 37 MODULO 01 E 02,PARQUE ALEXANDRE,COTIA,SP,BRASIL
AGP TECNOLOGIA EM INFORMATICA DO BRASIL LTDA.,AGP TECNOLOGIA EM INFORMATICA DO BRASIL LTDA.,11.068.167/0004-53,1155033588,CORPORATIVO.FISCAL@ACER.COM,supplier,,,13213090,RUA KANEBO,175,GALPAO: B3;,DISTRITO INDUSTRIAL,JUNDIAÍ,SP,BRASIL
AGROTAMA,NTS DO BRASIL COMERCIO DE MAQUINAS E FERRAMENTAS LTDA,05.984.457/0001-00,1150892595,fiscal@agrotama.com.br,supplier,,,9930270,AVENIDA PRESTES MAIA,811,,CENTRO,DIADEMA,SP,BRASIL
INFORE,A.L.R. PEREIRA COMERCIO ATACADISTA DE MAQUINAS E PECAS,31.888.692/0001-80,2122423782,NATALIA@INFORE.COM.BR,supplier,,,23092290,ESTRADA SERRA ALTA,127,LOT 4 OEX 127 PAL 46838,CAMPO GRANDE,RIO DE JANEIRO,RJ,BRASIL
ALLIED TECNOLOGIA,ALLIED TECNOLOGIA S.A.,20.247.322/0129-00,1155039999,alliedfiscal@alliedbrasil.com.br,supplier,,,14096350,AVENIDA PRESIDENTE KENNEDY,1500,Loja 237/239,RIBERIANA,RIBEIRÃO PRETO,SP,BRASIL
ALPHA CAMP,ALPHA CAMP COMERCIO ATACADISTA E VAREJISTA LTDA,42.184.956/0001-30,1992870083,ALPHAHOUSEN@GMAIL.COM,supplier,,,13065701,RUA SEBASTIAO PEDRO FRANCESCHINI,45,,PARQUE VIA NORTE,CAMPINAS,SP,BRASIL
ALUCOM.COM.BR,ALUCOM LTDA,01.628.251/0001-88,8532623191,ALUCOMFORTALEZA@GMAIL.COM,supplier,,,60175205,RUA RIACHUELO,40,,PAPICU,FORTALEZA,CE,BRASIL
ALUCOM DISTRIBUICAO,ALUCOM LTDA,01.628.251/0005-01,8588924681,DIRETORIA@ALUCOM.COM.BR,supplier,,,88075572,RUA TUPINAMBA,684,LOJA 1,CANTO/COLONINHA/JD ATLANT,FLORIANÓPOLIS,SC,BRASIL
AMAZON SERVICOS DE VAREJO DO BRASIL LTDA.,AMAZON SERVICOS DE VAREJO DO BRASIL LTDA.,15.436.940/0017-62,1141302000,AMZBR-TAX-COMPLIANCE@AMAZON.COM,supplier,,,54503010,RODOVIA BR 101 SUL,2608,,DISTRITO INDUSTRIAL SANTO ESTEVAO,CABO DE SANTO AGOSTINHO,PE,BRASIL
STR66 ECOMMERCE LTDA,STR66 ECOMMERCE LTDA,41.598.223/0001-80,1638390607,FISCAL@GARCIACONTABILIDADE1.COM.BR,supplier,,,14503230,RUA BRIGADEIRO JOSE VICENTE FARIA LIMA,192,SALA 2,CONJUNTO HABITACIONAL JOSE ALIPIO FURQUIM FONSECA,ITUVERAVA,SP,BRASIL
ANUSHA IMPORTS,ANUSHA COMERCIO IMPORTACAO E EXPORTACAO LTDA,15.809.110/0001-76,1120964610,ADMINISTRATIVO@ANUSHA.COM.BR,supplier,,,29055050,AVENIDA NOSSA SENHORA DA PENHA,250,SALA 602 EDIF CARAVELLE,SANTA HELENA,VITÓRIA,ES,BRASIL
APARECIDA CRISTINA RIBEIRO SILVA 28234361899,APARECIDA CRISTINA RIBEIRO SILVA 28234361899,35.939.512/0001-00,1888263394,ROGERIO.SSILVA@IG.COM.BR,supplier,,,19063180,RUA ANTONIO MATRICARDI SOBRINHO,368,,PARQUE SHIRAIWA,PRESIDENTE PRUDENTE,SP,BRASIL
ARDAIA & CIA LTDA,ARDAIA & CIA LTDA,16.878.740/0001-65,4432223036,TONER.FACIL@OUTLOOK.COM,supplier,,,87047240,RUA VITORIO SAMBATTI,349,,LOTEAMENTO LIBERDADE II PARTE,MARINGÁ,PR,BRASIL
ARENET ACESSORIOS,ARENET - COMERCIO VAREJISTA E ATACADISTA DE ELETRONICOS LTDA,56.379.323/0001-92,1197379167,CIANOTECHY15@GMAIL.COM,supplier,,,3031030,RUA ALEXANDRINO PEDROSO,168,TERREO0 SALA 08,CANINDÉ,SÃO PAULO,SP,BRASIL
AS SISTEMAS,AS SISTEMAS CONSULTORIA PUBLICA LTDA,63320667000191,8532714753,assistemasce@gmail.com,supplier,,,60821705,RUA PADRE JANUÁRIO CAMPOS,85,,PARQUE MANIBURA,FORTALEZA,CE,BRASIL
ATIVA COMERCIO DE CABOS E CONEXOES LTDA,ATIVA COMERCIO DE CABOS E CONEXOES LTDA,07.395.848/0001-06,1133623412,FINANCEIRO@SOLUCAOCABOS.COM.BR,supplier,,,1209000,RUA AURORA,140 B,,SANTA EFIGENIA,SÃO PAULO,SP,BRASIL
ATIVA DISTRIBUICAO,ATIVA DISTRIBUIDORA DE TECNOLOGIA LTDA,26.262.561/0001-52,1136518588,FISCAL@ATIVADISTRIBUICAO.COM.BR,supplier,,,29167650,RUA SAMUEL MEIRA BRASIL,394,SALA 27,TAQUARA II,SERRA,ES,BRASIL
AUTO PECAS PADRE CICERO,AUTO PECAS PADRE CICERO LTDA,07.965.809/0011-79,8534999000,CONTABILIDADE@PECICERO.COM.BR,supplier,,,60822131,AVENIDA OLIVEIRA PAIVA,2960,,CIDADE DOS FUNCIONARIOS,FORTALEZA,CE,BRASIL
AXIAL ELETRONICA,MAISA DE SOUZA FREITAS,08.797.481/0001-10,8532542382,,supplier,,,60035000,RUA PEDRO PEREIRA,804,,CENTRO,FORTALEZA,CE,BRASIL
BEACH TELECOM TELECOMUNICACOES LTDA.,BEACH TELECOM TELECOMUNICACOES LTDA.,45.832.665/0001-08,1396745007,CONTATOBEACHTELECOM@GMAIL.COM,supplier,,,11705610,RUA PROFESSORA MARIA JOSE BARONI F. DA SILVA,619,CASA 02,MARACANA,PRAIA GRANDE,SP,BRASIL
YUXISTA LTDA,BEB YEAR LTDA,48.110.269/0001-57,1116422603,BEBYEARLTDA@GMAIL.COM,supplier,,,1023001,RUA BR DE DUPRAT,223,LOJA LJ-36-A,CENTRO,SÃO PAULO,SP,BRASIL
BETIM QUIMICA LTDA.,BETIM QUIMICA LTDA.,38.701.645/0001-24,3103967989,,supplier,,,32371610,AVENIDA APIO CARDOSO,1305,,CINCO-PEROBAS,CONTAGEM,MG,BRASIL
ALPHA BABY,BICCI E GRECHI LTDA,29.142.469/0001-47,1598049453,BICCI@TBMCONTABILIDADE.COM.BR,supplier,,,18534234,RUA BELA VISTA,1316,GALPAODEPOSITO 2,VILA FIORE,TIETÊ,SP,BRASIL
BLUEVIX COMERCIO E SERVICO LTDA,BLUEVIX COMERCIO E SERVICO LTDA,39.272.778/0003-57,2721250337,ADMINISTRATIVO@BLUEVIX.COM.BR,supplier,,,29104491,RODOVIA DARLY SANTOS,800,GALPAO02-A SALA 01,JARDIM ASTECA,VILA VELHA,ES,BRASIL
BRASIL COLOR,BRASIL COLOR LTDA,48.947.090/0001-59,8599763180,NORDESTE.NACIONALCOLOR@HOTMAIL.COM,supplier,,,60192055,RUA BENTO ALBUQUERQUE,1633,LJ-11,COCO,FORTALEZA,CE,BRASIL
BRASIL INTER COMEX ELETRONICOS E INFORMATICA LTDA,BRASIL INTER COMEX ELETRONICOS E INFORMATICA LTDA,17.642.282/0007-19,1132230050,FISCAL@INPOWER.COM.BR,supplier,,,37642564,ESTRADA MUNICIPAL THEREZA THOMAZELLA,432,,DISTRITO INDUSTRIAL PIRES,EXTREMA,MG,BRASIL
INPOWER,BRASIL INTER COMEX ELETRONICOS E INFORMATICA LTDA,17.642.282/0001-23,1132230050,FISCAL@INPOWER.COM.BR,supplier,,,1209001,RUA AURORA,153,,SANTA EFIGENIA,SÃO PAULO,SP,BRASIL
BRJ SUPRIMENTOS PARA INFORMATICA LTDA,BRJ SUPRIMENTOS PARA INFORMATICA LTDA,30.612.497/0001-60,4430240222,FISCAL1@HANIELCONTABILIDADE.COM.BR,supplier,,,87025410,RUA ALLAN KARDEC,1151,SALA 01,PARQUE AVENIDA,MARINGÁ,PR,BRASIL
BROTHER,BROTHER INTERNATIONAL CORPORATION DO BRASIL LTDA,62.202.189/0001-52,1133713555,FISCAL@BROTHER.COM.BR,supplier,,,1310100,AVENIDA PAULISTA,854,ANDAR 15,BELA VISTA,SÃO PAULO,SP,BRASIL
BQS SUPRIMENTOS DE INFORMATICA,BRUNA QUEIROZ DE SOUZA LUZ,25.213.609/0001-70,1136284260,BQSSUPRIMENTOS@GMAIL.COM,supplier,,,3817090,RUA NORBERTO JOSE DE SOUZA,13,CASA 1,PARQUE CISPER,SÃO PAULO,SP,BRASIL
MULTIVERSO SHOP,CAIQUE ALENCAR DOS SANTOS LTDA,51.839.034/0001-05,1158708788,CAIQUEALENCAR1997@GMAIL.COM,supplier,,,9821045,TRAVESSA RACHEL DE QUEIROZ,41,,PARQUE BOTUJURU,SÃO BERNARDO DO CAMPO,SP,BRASIL
CALUNGA,CALUNGA COMERCIAL E SERVICOS LTDA,46.564.643/0001-69,2122222222,CALUNGAPIX@GMAIL.COM,supplier,,,21371240,RUA TURVO,00197,,IRAJA,RIO DE JANEIRO,RJ,BRASIL
CAMURA COMERCIO ONLINE,CAMURA COMERCIO ONLINE LTDA,35.517.239/0001-18,3491609995,DOFELLIPE@HOTMAIL.COM,supplier,,,38402320,AVENIDA DOUTOR ROFLES CECILIO,94,TERREOCOMERCIO 02,MARTA HELENA,UBERLÂNDIA,MG,BRASIL
CARREFOUR COMERCIO E INDUSTRIA LTDA,CARREFOUR COMERCIO E INDUSTRIA LTDA,45.543.915/0846-95,1137796000,ATENDIMENTO_FISCALIZACAO_TRIBUTOS@CARREFOUR.COM,supplier,,,7789100,VIA AC NORTE KM 38 (ROD ANHANGUERA),420,GALPAO7 MODULOS 4 E 5,EMPRESARIAL GATO PRETO (JORDANESIA),CAJAMAR,SP,BRASIL
CAS,CAS E-COMMERCE PRESENTES LTDA,51.916.824/0001-47,1187226936,CLARICEALBINA56@ICLOUD.COM,supplier,,,5509001,RUA ALVARENGA,806,,BUTANTÃ,SÃO PAULO,SP,BRASIL
CASA VERSATIL,UDMAX COMERCIO DE PRODUTOS DE BAZAR E DESCARTAVEIS LTDA,05.965.100/0001-76,2135206035,,supplier,,,21020190,RUA CONDE DE AGROLONGO,00332,,PENHA,RIO DE JANEIRO,RJ,BRASIL
GRUPO CASAS BAHIA S.A.,GRUPO CASAS BAHIA S.A.,33.041.260/1469-67,1142256555,SETORFISCAL.CSC@VIAVAREJO.COM.BR,supplier,,,60176065,RUA LAURO NOGUEIRA,1500,LOJA: 1150 PISO L1;,PAPICU,FORTALEZA,CE,BRASIL
CASSIO MURILO ANTONIO DE OLIVEIRA 01224443101,CASSIO MURILO ANTONIO DE OLIVEIRA 01224443101,36.414.426/0001-39,6192563488,CASSIO.MNB@GMAIL.COM,supplier,,,70640543,AREA ESPECIAL CENTRO COMERCIAL BLOCO D,20,,CRUZEIRO VELHO,BRASÍLIA,DF,BRASIL
CDMAX DISTRIBUIDORA E COMERCIAL LTDA EM RECUPERACAO JUDICIAL,CDMAX DISTRIBUIDORA E COMERCIAL LTDA EM RECUPERACAO JUDICIAL,10.237.888/0004-87,8532771019,FINANCEIRO@CDMAXDISTRIBUIDORA.COM.BR,supplier,,,60025130,RUA FLORIANO PEIXOTO,398,,CENTRO,FORTALEZA,CE,BRASIL
CDMAX SOLUTIONS,CDMAX DISTRIBUIDORA E COMERCIAL LTDA EM RECUPERACAO JUDICIAL,10.237.888/0005-68,8532410101,FINANCEIRO@CDMAXDISTRIBUIDORA.COM.BR,supplier,,,60025130,RUA FLORIANO PEIXOTO,398,A,CENTRO,FORTALEZA,CE,BRASIL
CECOMIL COMERCIO E SERVICOS LTDA EM RECUPERACAO JUDICIAL,CECOMIL COMERCIO E SERVICOS LTDA EM RECUPERACAO JUDICIAL,07792435/000165,8540125324,ATOSLEGAIS@TREINACON.NET,supplier,,,60150190,RUA MARCOS MACEDO,935,,ALDEOTA,FORTALEZA,CE,BRASIL
INTERTELE,CENTRAL PARANAENSE DE ASSISTENCIA TECNICA E COM DE TELEF LTDA,05.309.325/0001-74,4133452515,ADM.PR@INTERTELE.COM.BR,supplier,,,81050150,RUA DEPUTADO WALDEMIRO PEDROSO,372,,NOVO MUNDO,CURITIBA,PR,BRASIL
NAGEM INFORMATICA,CIL - COMERCIO DE INFORMATICA LTDA,24.073.694/0002-36,8121069051,FISCAL@NAGEM.COM.BR,supplier,,,41315000,RUA DOS FRANCISCANOS,392,OUTROS Q G L 16,DOM AVELAR,SALVADOR,BA,BRASIL
NAGEM,CIL - COMERCIO DE INFORMATICA LTDA,24.073.694/0005-89,8540055000,,supplier,,,60874401,RODOVIA QUARTO ANEL VIARIO,900,MODULO - 13B MODULO - 14B,PEDRAS,FORTALEZA,CE,BRASIL
CLARO,CLARO S.A.,40.432.544/0161-40,1143134620,ATENDIMENTO.FISCALIZACOES@CLARO.COM.BR,supplier,,,60135238,AVENIDA PONTES VIEIRA,1554,TERMINAL 1 TERREO,SAO JOAO DO TAUAPE,FORTALEZA,CE,BRASIL
COGRA DISTRIBUIDORA LTDA,COGRA DISTRIBUIDORA LTDA,06.064.114/0002-62,1128218928,THAIS.GRANDEZA@COGRA.COM.BR,supplier,,,29147030,RODOVIA GOVERNADOR MARIO COVAS,10600,GALPAO24 BOX 46,SERRA DO ANIL,CARIACICA,ES,BRASIL
COLETEK,"COLECAO INDUSTRIA E COMERCIO DE INFORMATICA, TELECOMUNICACOES E ELETRONICA LTDA",06.043.130/0001-98,3532199100,ANALISTA.FISCAL@COLETEK.COM.BR,supplier,,,37072003,AVENIDA DOUTOR MESSIAS BARROS,1300,: 1515;,DISTRITO INDUSTRIAL MIGUEL DE LUCA,VARGINHA,MG,BRASIL
COLORNET COMERCIO DE SUPRIMENTOS DE INFORMATICA LTDA,COLORNET COMERCIO DE SUPRIMENTOS DE INFORMATICA LTDA,42.221.535/0001-32,2164338875,INFORESENDE@BOL.COM.BR,supplier,,,21210153,AVENIDA VICENTE DE CARVALHO,01217,SAL 203,PENHA CIRCULAR,RIO DE JANEIRO,RJ,BRASIL
COLORSIGN,COLORSIGN COMERCIO IMPORTACAO E EXPORTACAO LTDA,35.250.478/0001-54,8396592200,,supplier,,,60440164,AVENIDA CARNEIRO DE MENDONCA,426,,DEMOCRITO ROCHA,FORTALEZA,CE,BRASIL
COMERCIAL BRASIL DISTRIBUIDORA DE EQUIPAMENTOS DE INFORMATICA LTDA,COMERCIAL BRASIL DISTRIBUIDORA DE EQUIPAMENTOS DE INFORMATICA LTDA,09.113.843/0006-83,8599224715,CONTABILIDADE@CBRASILLTDA.COM.BR,supplier,,,60025100,RUA MAJOR FACUNDO,1172,B,CENTRO,FORTALEZA,CE,BRASIL
COMERCIO E SERVICOS WS PREMIUM LTDA,COMERCIO E SERVICOS WS PREMIUM LTDA,57.484.241/0001-70,1199999999,COMERCIALWSPREMIUM@GMAIL.COM,supplier,,,3619100,AVENIDA SAO MIGUEL,2873,SALA 10,VILA MARIETA,SÃO PAULO,SP,BRASIL
COMPRA OK TECNOLOGIA LTDA,COMPRA OK TECNOLOGIA LTDA,41.342.413/0002-12,3191470008,FISCAL@COMPRAOK.COM.BR,supplier,,,32670360,RUA BRASILIA,79 A,LOTE 0007 - 79B,CHACARA,BETIM,MG,BRASIL
CONSTRUIASE MATERIAIS PARA CONSTRUCAO LTDA,CONSTRUIASE MATERIAIS PARA CONSTRUCAO LTDA,20.103.096/0001-20,1147851111,ATENDIMENTO@CONSTRUIASE.COM.BR,supplier,,,6780240,RUA RIO CLARO,228,,ARRAIAL PAULISTA,TABOÃO DA SERRA,SP,BRASIL
CONTINENTAL DISTRIBUIDORA DE SUPRIMENTOS PARA INFORMATICA E PRESTACAO DE SERVICOS LTDA,CONTINENTAL DISTRIBUIDORA DE SUPRIMENTOS PARA INFORMATICA E PRESTACAO DE SERVICOS LTDA,35.830.704/0001-76,1199999999,CONTINENTAL@GMAIL.COM,supplier,,,9780001,RUA TIRADENTES,802,SALA 27,SANTA TEREZINHA,SÃO BERNARDO DO CAMPO,SP,BRASIL
SOLUTION - COPIADORAS E SUPRIMENTOS,COSTA & COSTA COMERCIO VAREJISTA DE INFORMATICA LTDA,41.969.006/0001-59,1332235848,SOLUTIONCOPIADORAS@HOTMAIL.COM,supplier,,,11015540,RUA JULIO CONCEICAO,245,,VILA MATHIAS,SANTOS,SP,BRASIL
COURACO COMERCIAL LTDA,COURACO COMERCIAL LTDA,00.290.469/0004-55,2126420649,ADM@CONTROLCONT.COM.BR,supplier,,,5275000,VIA ANHANGUERA,S/N,KM 25.5 P.LATERAL SETOR PARTE C152,JARDIM JARAGUA,SÃO PAULO,SP,BRASIL
CREATIVE COPIAS LTDA,CREATIVE COPIAS LTDA,03.769.753/0003-16,6635209005,LUZIA@CREATIVECOPIAS.COM.BR,supplier,,,29161242,RUA PIRAJU,SN,LOTE 21B SALA 01,JACUHY,SERRA,ES,BRASIL
CROMA EQUIPAMENTOS,CROMA EQUIPAMENTOS E SERVICOS LTDA,11.855.692/0001-76,6130325599,FINANCEIRO@CROMATECNOLOGIA.COM.BR,supplier,,,72006180,RUA 5 CHACARA 116 LOTE,1E,LOJA 03 PARTE B,SETOR HABITACIONAL VICENTE PIRES,BRASÍLIA,DF,BRASIL
CRONOS SHOP,CRONOS COMERCIO DE ELETRONICOS DOMESTICOS LTDA,39.831.117/0003-14,4196869828,MEUCNPJ@CONTABILIZEI.COM.BR,supplier,,,5275000,VIA ANHANGUERA,S/N,KM 25.5 P. LATERAL 130 SETOR PARTE C901,JARDIM JARAGUA,SÃO PAULO,SP,BRASIL
CYBERNOTE,CYBERNOTE COMERCIO DE IMPORTACAO E EXPORTACAO LTDA,46.198.620/0001-88,1178455853,FISCAL@FEMPCONTABIL.COM.BR,supplier,,,2372080,RUA ROSALVO RIBEIRO,225,,TREMEMBE,SÃO PAULO,SP,BRASIL
MOB CORES,D P MOTA ADMINISTRACAO CORPORATIVA LTDA,33.517.709/0001-18,4141010027,CONTATO@MOBCORES.COM.BR,supplier,,,80810030,RUA FRIDA OERTEL,6,,MERCES,CURITIBA,PR,BRASIL
DANIGON COMERCIAL LTDA,DANIGON COMERCIAL LTDA,62.117.018/0001-25,1143644220,DANIGONCOM@GMAIL.COM,supplier,,,3165000,RUA DA MOOCA,3155,,MOOCA,SÃO PAULO,SP,BRASIL
DELL COMPUTADORES DO BRASIL LTDA,DELL COMPUTADORES DO BRASIL LTDA,72.381.189/0010-01,5132745500,BR_TAX@DELL.COM,supplier,,,13184654,AVENIDA DA EMANCIPACAO,5000,PARTE B,PARQUE DOS PINHEIROS,HORTOLÂNDIA,SP,BRASIL
DIAMOND BRASIL COMERCIAL IMPORTACAO E EXPORTACAO LTDA,DIAMOND BRASIL COMERCIAL IMPORTACAO E EXPORTACAO LTDA,04.998.692/0001-60,1155642600,FINANEIRO@DIAMONDBRASIL.COM,supplier,,,4303192,RUA DOUTOR MAURICIO DE LACERDA,535,,SAO JUDAS,SÃO PAULO,SP,BRASIL
DIGITAL INFORMATICA,DIGITAL INFORMATICA E LOCACOES LTDA,11.901.111/0001-95,1837027851,GERENTE@DIGITALMJ.COM.BR,supplier,,,16900005,RUA RODRIGUES ALVES,550,TERREO,CENTRO,ANDRADINA,SP,BRASIL
L.F. TECNOLOGIA E LOGISTICA LTDA,L.F. TECNOLOGIA E LOGISTICA LTDA,43.910.722/0001-96,1144402320,DISTRIBUIDORACOMERCIALLFERREIRA@GMAIL.COM,supplier,,,1452002,AVENIDA BRIGADEIRO FARIA LIMA,1461,ANDAR 4 SALA 40,JARDIM PAULISTANO,SÃO PAULO,SP,BRASIL
DISTRIBUIDORA VASCONCELOS,DISTRIBUIDORA VASCONCELOS & OLIVEIRA LTDA,17.112.922/0001-93,1932441348,ATENDIMENTO@DISTRIBUIDORAVASCONCELOS.NET.BR,supplier,,,13917176,RUA TESTA,101,,JARDIM SAO SEBASTIAO,JAGUARIÚNA,SP,BRASIL
DISTRIVISA,DISTRIVISA COMERCIO LOCACAO E SERVICOS S/A - EM RECUPERACAO JUDICIAL,02.338.962/0003-42,3134893400,LUCELIA@DISTRIVISA.COM.BR,supplier,,,29175706,RUA PORTO ALEGRE,307,SALA 49 GALPAO01 MOD 04 AREA UE-V COND THORLOG PARK LOGISTI,NOVA ZELANDIA,SERRA,ES,BRASIL
DM WEB COMERCIO,DM WEB COMERCIO LTDA,34.826.922/0001-74,6296601414,DANIELMESQUITAGO@GMAIL.COM,supplier,,,75390368,RUA I COM RUA VEREADOR JAIME DE OLIVEIRA,74,QUADRAH LOTE 01 SALA 02,VILA ROBERTO MONTEIRO,TRINDADE,GO,BRASIL
DMS ETIQUETAS,DMS ETIQUETAS LTDA,48.234.477/0001-68,1999517048,VENDASDMS@DMSETIQUETAS.COM.BR,supplier,,,14801533,AVENIDA NABOR RODRIGUES DOS SANTOS,26,,JARDIM DOS MANACAS,ARARAQUARA,SP,BRASIL
DMZ GLOBAL CONNECTION,DMZ INDUSTRIA E COMERCIO LTDA,18.929.699/0001-34,1148277289,MAZZEU@HOTMAIL.COM,supplier,,,9751470,RUA DOUTOR AMANCIO DE CARVALHO,676,,BAETA NEVES,SÃO BERNARDO DO CAMPO,SP,BRASIL
MOREIA TECNOLOGIA,DR SOFTWARE SERVICOS LTDA,03.420.933/0001-26,8532796968,COMERCIAL@MOREIA.COM.BR,supplier,,,61600160,TRAVESSA VISCONDE DE CAUIPE,72,,CENTRO,CAUCAIA,CE,BRASIL
DSF COMERCIO,DSF COMERCIO LTDA,39.770.497/0001-62,1149411450,CARVALHO@CARVALHOCONT.COM.BR,supplier,,,9220410,RUA ANCARA,100,APT 1108 TORRE 2,UTINGA,SANTO ANDRÉ,SP,BRASIL
DTS DISTRIBUIDORA DE SEGURANCA ELETRONICA,DTS - COMERCIO DE EQUIPAMENTOS DE SEGURANCA ELETRONICA LTDA,13.433.270/0004-80,8530332060,DTS@DTSDISTRIBUIDORA.COM.BR,supplier,,,60864310,AVENIDA DEPUTADO PAULINO ROCHA,1740,,CAJAZEIRAS,FORTALEZA,CE,BRASIL
DUCCAPEL ON LINE,DUCCAPEL COMERCIO VAREISTA DE ARMARINHOS LTDA,46.619.392/0001-72,1131152821,FINANCEIRO@LKSCONSULTORIACONTABIL.COM.BR,supplier,,,9608000,RUA UNIVERSAL,246,,ANCHIETA,SÃO BERNARDO DO CAMPO,SP,BRASIL
DUCOPRINT,DUCOPRINT DUPLICADORES COPIADORAS E IMPRESSORAS LTDA,03.876.426/0002-82,2733465325,DUCOPRINT@HOTMAIL.COM,supplier,,,29140080,AVENIDA ESPIRITO SANTO,107,SALA 01,JARDIM AMERICA,CARIACICA,ES,BRASIL
DDMAQUINAS,DUPLOR COMERCIO DE FERRAMENTAS INDUSTRIAIS E SERVICOS LTDA,10.622.178/0001-28,1535193505,SAC@DDMAQUINAS.COM.BR,supplier,,,18086390,AVENIDA VICTOR ANDREW,3210,,ZONA INDUSTRIAL,SOROCABA,SP,BRASIL
E.V.F COMERCIO DE VARIEDADES,E.V.F COMERCIO DE VARIEDADES E GESTAO LTDA,43.667.188/0001-39,1125722164,DIRETORIA@EVFCOMERCIO.COM.BR,supplier,,,3126001,RUA CAP PACHECO E CHAVES,1056,CONJ 96 ANEXO 1 VG EDIF PLAZA OFFICES,VILA PRUDENTE,SÃO PAULO,SP,BRASIL
EBAY DO BRASIL SERVICOS DE CONSULTORIA E MARKETING LTDA.,EBAY DO BRASIL SERVICOS DE CONSULTORIA E MARKETING LTDA.,19.167.111/0001-15,1131051888,WALENCAR@ASAP-DOCUMENTOS.COM.BR,supplier,,,1418000,ALAMEDA SANTOS,74,ANDAR 7 CONJ 72 SALA 41,CERQUEIRA CESAR,SÃO PAULO,SP,BRASIL
EBAZAR.COM.BR. LTDA,EBAZAR.COM.BR. LTDA,03.007.331/0010-32,1125434155,NAORESPONDER@MERCADOLIVRE.COM,supplier,,,37640000,AVENIDA JOAQUIM LOURENCO DE LIMA,450,SETOR 01,VARGEM DO JOAO PINTO,EXTREMA,MG,BRASIL
ECO SUPRIMENTOS LTDA,ECO SUPRIMENTOS LTDA,11.422.302/0001-74,3134395650,LEGALIZACAO1@MOREIRACOELHO.SRV.BR,supplier,,,31140000,RUA SILVEIRA,268,,GRACA,BELO HORIZONTE,MG,BRASIL
E-COMMERCE DIDI,E-COMMERCE DIDI LTDA,61.113.273/0001-37,1187661288,ECOMDIDI@OUTLOOK.COM,supplier,,,1137000,RUA CRUZEIRO,549,ANDAR 2 SALA 02,BARRA FUNDA,SÃO PAULO,SP,BRASIL
ECONOTEBOOK INFORMATICA,ECOINFOSOLAR LTDA,29.005.957/0001-02,8587985823,ECONOTEBOOK.JC@GMAIL.COM,supplier,,,60764020,AVENIDA WALDIR DIOGO,468,,NOVO MONDUBIM,FORTALEZA,CE,BRASIL
ECONOTEBOOK INFORMATICA,ECONOTEBOOK INFORMATICA LTDA,61.557.262/0001-46,8587985823,ECONOTEBOOK.JC@GMAIL.COM,supplier,,,60764020,AVENIDA WALDIR DIOGO,472,,NOVO MONDUBIM,FORTALEZA,CE,BRASIL
ELETRONICA CENTRAL MUSIC,ELIENE DO CARMO VICTOR,03.951.695/0002-66,8534896642,ELETRONICACENTRALCC@HOTMAIL.COM,supplier,,,60540510,AVENIDA JOSE TORRES,1598,,GRANJA LISBOA,FORTALEZA,CE,BRASIL
ELETRONICA NISSEI LTDA,ELETRONICA NISSEI LTDA,10.399.595/0001-53,4432263468,,supplier,,,87111005,PRAÇA IPIRANGA,211,,CENTRO,SARANDI,PR,BRASIL
EPSON RIO DE JANEIRO,EPSON RIO DE JANEIRO IMPORTADORA E EXPORTADORA LTDA,12.802.111/0001-09,2433549828,JURIDICO@EPSON.COM.BR,supplier,,,27540002,RODOVIA PRESIDENTE DUTRA,S/N,KM 298 ARMZ VIA C COL INT 5 SETOR PORTAO 8 POLO IND 1,POLO INDUSTRIAL I,RESENDE,RJ,BRASIL
MAQUIAGENS E ACESSORIOS BRASIL,ERIKA BEATRIZ ASSIS FERREIRA DO CARMO,45.851.248/0001-02,1178016907,ERIKAASSIS51@GMAIL.COM,supplier,,,2113000,PRACA STO EDUARDO,90,,VILA MARIA BAIXA,SÃO PAULO,SP,BRASIL
ERIKA HOSPITALAR E ODONTOLOGICO LTDA,ERIKA HOSPITALAR E ODONTOLOGICO LTDA,04.690.583/0001-80,8532816746,,supplier,,,60326040,RUA CARLITO PAMPLONA,163,,CARLITO PAMPLONA,FORTALEZA,CE,BRASIL
ESF PRESENTES,ESF PRESENTES LTDA,53.145.235/0001-38,1154949913,KAROL_GENEROSO@HOTMAIL.COM,supplier,,,1012909,LARGO DA MISERICORDIA,23,CONJ 1117,CENTRO,SÃO PAULO,SP,BRASIL
ESHOP IMPORTACAO E COMERCIO DE ELETRONICOS,ESHOP IMPORTACAO E COMERCIO DE ELETRONICOS LTDA,39.466.699/0004-68,1697310550,SAC@ESHOP.COM.BR,supplier,,,37644901,AVENIDA JOAQUIM LOURENCO DE LIMA,2150,GALPAOG1,VARGEM DO JOAO PINTO,EXTREMA,MG,BRASIL
ESPACO DA INFORMATICA SUPRIMENTOS LTDA,ESPACO DA INFORMATICA SUPRIMENTOS LTDA,40.524.002/0001-02,1199969159,CLAUDIA@TUDOPARARECARGA.COM.BR,supplier,,,9780001,RUA TIRADENTES,802,SALA 11,SANTA TEREZINHA,SÃO BERNARDO DO CAMPO,SP,BRASIL
ETIQUEJA,ETIQUEJA COMERCIO DE ETIQUETAS LTDA,42.427.315/0001-60,1122925181,FRANCISCONTABIL@TERRA.COM.BR,supplier,,,3613010,RUA CUMANAXOS,350,SALA 04,VILA SANTANA,SÃO PAULO,SP,BRASIL
ETIQUETAS RIBEIRO,E RIBEIRO COMERCIALIZACAO DE PRODUTOS LTDA,21.346.634/0001-70,1129929001,CONTATO@ETIQUETASRIBEIRO.COM.BR,supplier,,,2316000,RUA DAS IMBIRAS,279,TERREOSALAO 1,VILA NOVA MAZZEI,SÃO PAULO,SP,BRASIL
LECAP LTDA,EVERTON FERREIRA LOPES,43.542.011/0001-06,1199872464,CAPILE10@GMAIL.COM,supplier,,,7854080,RUA AMSTERDAM,257,,PARQUE VITORIA,FRANCO DA ROCHA,SP,BRASIL
EVOLUCAO SUPRIMENTOS,EVOLUCAO SUPRIMENTOS EM INFORMATICA LTDA,34.310.977/0001-27,1147516007,EVOLUCAOSUPRIMENTOS@GMAIL.COM,supplier,,,2119030,RUA PADRE JOAO ANTONIO,250,SALA 2,VILA MARIA BAIXA,SÃO PAULO,SP,BRASIL
EVOLUSOM,EVOLUSOM COMERCIAL LTDA,01.441.519/0001-78,4432206400,CONTABILIDADE3@EVOLUSOM.COM.BR,supplier,,,87070130,AVENIDA PARANAVAI,2094,LOTE 122,PARQUE INDUSTRIAL BANDEIRANTES,MARINGÁ,PR,BRASIL
F A PRINT,F. A. PRINT IMPORT LTDA,28.386.330/0001-86,4430473619,,supplier,,,87043501,RUA ALMERINDA SILVEIRA COELHO,4165,,LOTEAMENTO GRAJAU,MARINGÁ,PR,BRASIL
F.F. MONTEIRO COMERCIAL LTDA,F.F. MONTEIRO COMERCIAL LTDA,47.023.754/0001-20,1129105934,FFMONTEIROCOMERCIAL@GMAIL.COM,supplier,,,3361000,AVENIDA JOAO XXIII,624,,VILA FORMOSA,SÃO PAULO,SP,BRASIL
FA PRINT PECAS LTDA,FA PRINT PECAS LTDA,51.730.382/0001-40,4430343649,FERNANDOTURQUINO@HOTMAIL.COM,supplier,,,87043492,RUA RIO SOLIMÕES,569,,LOTEAMENTO GRAJAÚ,MARINGÁ,PR,BRASIL
F F PRODUTOS AUTOMOTIVOS E CONSTRUCAO CIVIL,FABIO FURTADO,43.136.067/0001-60,1692390718,VENDASBOND@GMAIL.COM,supplier,,,14030450,RUA JULIO DE MESQUITA,315,SALA SALA,VILA VIRGINIA,RIBEIRÃO PRETO,SP,BRASIL
ECONOMIAFARMA,FARMACIA DA ECONOMIA NACIONAL LTDA,16.672.967/0001-50,8532537469,GERENCIAFINANCEIRA@ECONOMIAFARMA.COM,supplier,,,60175195,RUA ANDRE DALL'OLIO,1040,,PAPICU,FORTALEZA,CE,BRASIL
PAPELARIA STORE,FELIPE TEIXEIRA ARMARINHO,21.890.072/0003-93,2126617863,SAC@PAPELARIASTORE.COM.BR,supplier,,,5275000,VIA ANHANGUERA,S/N,KM 25.5 P. LATERAL 130 SETOR PARTE C257,JARDIM JARAGUA,SÃO PAULO,SP,BRASIL
FERMAT DISTRIBUIDORA E-COMMERCE,FERMAT DISTRIBUIDORA ECOMMERCE LTDA,09.212.059/0001-18,4174008434,FERMATDISTRI01@GMAIL.COM,supplier,,,81610040,RUA BOM JESUS DE IGUAPE,1223,,HAUER,CURITIBA,PR,BRASIL
FIOLUX INDUSTRIA E COMERCIO LTDA,FIOLUX INDUSTRIA E COMERCIO LTDA,96.420.914/0003-42,1925153000,CONTATO@FIOLUX.COM.BR,supplier,,,29155270,RUA ROMUALDO SILVEIRA,S/N,ARMZ 8 PAVMTO001 BLOCO 03 SALA 214,VILA CAJUEIRO,CARIACICA,ES,BRASIL
FLAVIA CRISTINA DE OLIVEIRA DOS SANTOS & CIA LTDA,FLAVIA CRISTINA DE OLIVEIRA DOS SANTOS & CIA LTDA,05.589.214/0001-69,1137050000,MASTERCAPAS_FLAVIA@HOTMAIL.COM,supplier,,,14402083,RUA ANTONIO MARCOS,2740,,JARDIM DO EDEN,FRANCA,SP,BRASIL
FMG IMPORT EXPORT,FMG IMPORT EXPORT ELETROELETRONICOS LTDA,42.339.753/0001-76,8599602700,FALECONOSCOFMG@GMAIL.COM,supplier,,,62580000,RUA VIGARIO XAVIER,669,A,MONGUBAS,ACARAÚ,CE,BRASIL
FORCE-LINE,FORCE-LINE INDUSTRIA E COMERCIO DE COMPONENTES ELETRONICOS LTDA,03.762.480/0002-05,3534353394,CB2@FORCELINE.COM.BR,supplier,,,37640000,RUA JOSEPHA GOMES DE SOUZA,85 A,,DISTRITO INDUSTRIAL PIRES,EXTREMA,MG,BRASIL
FORSEG,APRONIANO DE OLIVEIRA SA NETO,04.192.046/0001-00,8532244171,FINANCEIRO@FORSEG.HOTMAIL.COM,supplier,,,60833005,AVENIDA WASHINGTON SOARES,4567,LJ-11,SAPIRANGA-COITE,FORTALEZA,CE,BRASIL
POTISIGNS,FORTALEZA COMERCIO VAREJISTA DE PLASTICOS LTDA,23.327.594/0001-45,8530516489,FORTALEZA@POTISIGNS.COM.BR,supplier,,,60410302,AVENIDA DOS EXPEDICIONARIOS,4788,,PARREAO,FORTALEZA,CE,BRASIL
SC COMP,FRANCINE VIEIRA GALLO,38.289.182/0001-35,4898468628,SCCOMP@OUTLOOK.COM,supplier,,,88140000,RUA RUA PREFEITO JOSE KEHRIG,5518,SALA 15,CENTRO,SANTO AMARO DA IMPERATRIZ,SC,BRASIL
VIRTUALKAR,FRANSCAR AUTO PECAS E ACESSORIOS LTDA,05.006.947/0001-23,1124401199,HRCONSULTE@HRCONSULTE.COM,supplier,,,7044000,RUA CAVADAS,1668,SLJ SLJ1,VILA SAO JOAO,GUARULHOS,SP,BRASIL
G TRABULSE MALUCELLI LTDA,G TRABULSE MALUCELLI LTDA,27.165.701/0001-37,4230251288,CONTATO@INTECCONTABILIDADE.COM.BR,supplier,,,84130000,RUA CORONEL VIDA,160,,CENTRO,PALMEIRA,PR,BRASIL
G2 COMERCIO IMPORTACAO E EXPORTACAO,G2 COMERCIO DE EQUIPAMENTOS ELETRONICOS LTDA,36.741.598/0001-17,6291624230,GILSONFILHO37@GMAIL.COM,supplier,,,3019050,RUA GONCALVES DIAS,349,,CATUMBI,SÃO PAULO,SP,BRASIL
GARCIA UTILIDADES EM GERAL LTDA,GARCIA UTILIDADES EM GERAL LTDA,37.950.578/0001-19,1598519489,GARCIA.UTILIDADESLOJA@HOTMAIL.COM,supplier,,,18050010,AVENIDA SALVADOR MILEGO,590,,JARDIM VERA CRUZ,SOROCABA,SP,BRASIL
GD3 IMPORTS LTDA,GD3 IMPORTS LTDA,53.947.588/0001-51,4184882550,FISCAL.DYEGO@GMAIL.COM,supplier,,,80010010,RUA MARECHAL DEODORO,450,CONJ 304 ANDAR 03 COND MAURICIO CAILLET ED,CENTRO,CURITIBA,PR,BRASIL
GENERAL PARTS INFORMATICA UNIPESSOAL LTDA,GENERAL PARTS INFORMATICA UNIPESSOAL LTDA,05.841.540/0002-00,1155230299,FINANCEIRO@GPPECAS.COM.BR,supplier,,,88316001,RODOVIA ANTONIO HEIL,1001,KM 01 SALA 21 ARMZ MODULO G03,ITAIPAVA,ITAJAÍ,SC,BRASIL
GGAMER,GGAMER COMERCIO VIRTUAL LTDA,33.915.180/0002-71,4136421162,CONTATO@LCGRINER.COM,supplier,,,88301320,RUA SAMUEL HEUSI,463,SALA 402 BOX 094,CENTRO,ITAJAÍ,SC,BRASIL
LINERVIX,GJR ETIQUETAS E RIBBONS LTDA,35.273.685/0001-24,2796947766,LINERVIX@OUTLOOK.COM,supplier,,,29167031,RUA CURITIBA,S/N,QUADRA10 LOTE 10,ALTEROSAS,SERRA,ES,BRASIL
GOLDEN,GOLDEN DISTRIBUIDORA LTDA.,04.196.935/0014-60,1136466600,DEPTO.FISCAL@GOLDENDISTRIBUIDORA.COM.BR,supplier,,,88301350,RUA DOUTOR JOSE BONIFACIO MALBURG,143,SALA 202 E,CENTRO,ITAJAÍ,SC,BRASIL
GOMAQ MAQUINAS PARA ESCRITORIO LIMITADA,GOMAQ MAQUINAS PARA ESCRITORIO LIMITADA,61.457.941/0001-43,1121621000,GOMAQ@GOMAQ.COM.BR,supplier,,,4553001,AVENIDA DOS BANDEIRANTES,988,,BROOKLIN,SÃO PAULO,SP,BRASIL
GOMAQ MAQUINAS PARA ESCRITORIO LIMITADA,GOMAQ MAQUINAS PARA ESCRITORIO LIMITADA,61.457.941/0005-77,1121621000,GOMAQ@GOMAQ.COM.BR,supplier,,,29161376,AVENIDA ACESSO RODOVIARIO,S/N,QUADRA6 L-M01 QUADRA01 L-M18 A M23 SALA 105,TERMINAL INTERMODAL DA SERRA,SERRA,ES,BRASIL
GRUPO MVX,MVX COMERCIO ELETRONICO S.A.,08.215.490/0001-55,2123914796,PARALEGAL@GRUPOMVX.COM.BR,supplier,,,26377180,RODOVIA PRESIDENTE DUTRA,25551,ARMZ 1 AO 8 BLOCO 01 SETOR A1,QUEIMADOS,QUEIMADOS,RJ,BRASIL
35.796.670 ANDRE LUIS FERNANDES COSTA DA SILVA,35.796.670 ANDRE LUIS FERNANDES COSTA DA SILVA,35.796.670/0001-40,8596784088,MKBYTES.T@GMAIL.COM,supplier,,,60732110,RUA SAO VICENTE,1909,CASA,SIQUEIRA,FORTALEZA,CE,BRASIL
"GSM FAST - COMERCIO DE PECAS, ACESSORIOS, ARMARINHOS E DECORACOES LTDA","GSM FAST - COMERCIO DE PECAS, ACESSORIOS, ARMARINHOS E DECORACOES LTDA",45.904.108/0001-47,1199371224,GSMFAST.COM@GMAIL.COM,supplier,,,8040740,RUA DAS NEMESIAS,472,,JARDIM CASA PINTADA,SÃO PAULO,SP,BRASIL
HILDA LINA DA SILVA COMERCIO ATACADO E VAREJO LTDA,HILDA LINA DA SILVA COMERCIO ATACADO E VAREJO LTDA,53.148.337/0001-07,1145187024,NFEVENDAS4@GMAIL.COM,supplier,,,3016000,RUA ORIENTE,1388,ANDAR 1 SALA 121,BRÁS,SÃO PAULO,SP,BRASIL
H L BASTOGI,H L BASTOGI ELETRONICOS LTDA,23.200.952/0001-54,4499239562,CONTATO@ESCRITORIOTM.COM.BR,supplier,,,87015573,AVENIDA BRASIL,6076,SALA 01,ZONA 06,MARINGÁ,PR,BRASIL
HOME & OFFICE STORE LTDA,HOME & OFFICE STORE LTDA,45.831.100/0001-06,1182799896,CONTATO@NOVACONASSESSORIA.COM.BR,supplier,,,8775145,RUA MARIA GUIMARAES MONTONI,120,,JARDIM RODEIO,MOGI DAS CRUZES,SP,BRASIL
HORUS TELECOMUNICACOES,HORUS S/A DISTRIBUIDORA DE SOLUCOES TECNOLOGICAS,02.677.045/0009-88,6134868000,HORUS@HORUS.COM.BR,supplier,,,60120001,AVENIDA BARAO DE STUDART,1413,,ALDEOTA,FORTALEZA,CE,BRASIL
I. D. COMERCIO DE VESTUARIO E ACESSORIOS LTDA,I. D. COMERCIO DE VESTUARIO E ACESSORIOS LTDA,45.951.904/0001-30,1637024940,LAFARGAJUNIOR@HOTMAIL.COM,supplier,,,14403659,RUA VITORIO GASPARINI,2966,,PROLONGAMENTO JARDIM ANGELA ROSA,FRANCA,SP,BRASIL
IBYTE,TECNO INDUSTRIA E COMERCIO DE COMPUTADORES LTDA,07.272.825/0053-35,8599164370,CONTABILIDADE@IBYTE.COM.BR,supplier,,,60863280,RUA CLEIA,400,,BARROSO,FORTALEZA,CE,BRASIL
ID DO BRASIL,ID DO BRASIL ETIQUETAS LTDA,24.016.144/0001-02,1158545000,CCCONTABIL@CCCONTABIL.COM,supplier,,,4935030,RUA LUIZ GONZAGA DE OLIVEIRA,18,ANDAR 3,JARDIM DIONISIO,SÃO PAULO,SP,BRASIL
GALPAO DO TONER,IMPERIAL SUPRIMENTOS LTDA,28.808.651/0001-21,2422226086,ALCTEIXEIRACONTABILIDADE@GMAIL.COM,supplier,,,25725110,RUA DOMINGOS JOSE MARTINS,398,GALPAO5 3 PAV. PARTE 1,BONSUCESSO,PETRÓPOLIS,RJ,BRASIL
IMPORTA BRASIL LTDA,IMPORTA BRASIL LTDA,44.211.299/0003-60,1195001455,FINANCEIRO@IMPORTABRASIL.COM.BR,supplier,,,29161230,RODOVIA GOVERNADOR MARIO COVAS,S/N,KM 279 SALA 266,JACUHY,SERRA,ES,BRASIL
IMPRESSORASBRASIL,IMPRESSORASBRASIL COMERCIO DE IMPRESSORAS SUPRIMENTOS E LOCACAO LTDA,16.658.002/0001-02,1147250401,MARCOS@INKTECDOBRASIL.COM.BR,supplier,,,1305000,RUA AUGUSTA,101,ANDAR 10 SALA 1016,CONSOLACAO,SÃO PAULO,SP,BRASIL
IMPRIMA RIO PRETO COMERCIO DE IMPRESSORAS LTDA,IMPRIMA RIO PRETO COMERCIO DE IMPRESSORAS LTDA,21.510.439/0001-34,1732111322,CONDESPE@TERRA.COM.BR,supplier,,,15040210,RUA NHANDEARA,3949,,ELDORADO,SÃO JOSÉ DO RIO PRETO,SP,BRASIL
INFORPRINT SERVICOS,INFORPRINT SERVICOS E SUPRIMENTOS DE INFORMATICA LTDA,43.914.616/0001-80,8591978068,INFORPRINTSERVICOSS@GMAIL.COM,supplier,,,60030902,RUA PERBOYRE E SILVA,111,LOJA 117,CENTRO,FORTALEZA,CE,BRASIL
INNOPRES ETIQUETAS AUTO ADESIVAS,INNOPRES ETIQUETAS LTDA,10.905.224/0001-04,1125411773,ETIQUETAS@INNOPRES.COM.BR,supplier,,,8062050,RUA LIMOEIRO DO AJURU,83,,VILA MONTE SANTO,SÃO PAULO,SP,BRASIL
INS DISTRIBUIDORA,INS DISTRIBUIDORA LTDA,35.661.799/0001-41,3131662750,LICITACAO@INSUMIL.COM.BR,supplier,,,31260000,AVENIDA SEBASTIAO DE BRITO,910,SALA 03,DONA CLARA,BELO HORIZONTE,MG,BRASIL
INSUMOS BRASIL 2.0,INSUMOS BRASIL 2.0 COMERCIO DE SUPRIMENTOS DE INFORMATICA LTDA,44.172.379/0001-92,1136823057,ADM01@INSUMOSBRASIL.COM.BR,supplier,,,6018160,RUA ALICE MANHOLER PITERI,322,SALA 1,CENTRO,OSASCO,SP,BRASIL
INTEMOBILE DO BRASIL LTDA.,INTEMOBILE DO BRASIL LTDA.,05.374.042/0001-06,1151053311,LOURDES.GOMES@INTEMOBILE.COM,supplier,,,4733100,AVENIDA ADOLFO PINHEIRO,1145,TERREO;,SANTO AMARO,SÃO PAULO,SP,BRASIL
IOTEC,IOTEC INFORMATICA COMERCIO E SERVICOS LTDA,55.297.493/0003-27,1155811704,FISCAL3@ILSCONTABILIDADE.COM.BR,supplier,,,88301320,RUA SAMUEL HEUSI,463,SALA 411 G 45 BOX 1247,CENTRO,ITAJAÍ,SC,BRASIL
IOTEC,IOTEC INFORMATICA COMERCIO E SERVICOS LTDA,55.297.493/0001-65,1155811704,LEGAL@ILSCONTABILIDADE.COM.BR,supplier,,,4026090,RUA JOSE DE MAGALHAES,587,,VILA CLEMENTINO,SÃO PAULO,SP,BRASIL
ISAMIG TELECOM,MADMAK INFORMATICA E TELECOMUNICACOES LTDA,10.941.495/0002-98,1288250160,SUPORTE@ISAMIGTELECOM.COM.BR,supplier,,,12125820,RODOVIA ALVARO BARBOSA LIMA NETO,1556,,LOTEAMENTO VILA NOSSA SENHORA AUXILIADORA,TREMEMBÉ,SP,BRASIL
ITQ INFORMATICA,ITQUALITY INFORMATICA LTDA,30.472.134/0001-76,1123065532,RODRIGO.FERNANDES@ITQINFORMATICA.COM.BR,supplier,,,5121040,RUA JOAO MOREIRA,461,CASA 461/465,PARQUE SAO DOMINGOS,SÃO PAULO,SP,BRASIL
ITX TECNOLOGIA LTDA,ITX TECNOLOGIA LTDA,24.682.428/0001-20,1239337524,ROBSON@ITXGAMER.COM.BR,supplier,,,12238572,RUA ARNALDO DOMINGOS MOTA,205,,ELDORADO,SÃO JOSÉ DOS CAMPOS,SP,BRASIL
J DA SILVA LTDA,J DA SILVA LTDA,59.164.341/0001-45,1198283937,SAMUELESC@GMAIL.COM,supplier,,,3012020,RUA MINISTRO FIRMINO WHITAKER,320,SALA 67,BRAS,SÃO PAULO,SP,BRASIL
SMART ELETRON,JAB COMERCIO E DISTRIBUICAO DE ELETRO E ELETRONICO LTDA,16.571.889/0003-69,8532246405,CONTABILIDADE.JAB@HOTMAIL.COM,supplier,,,60135100,AVENIDA ANTONIO SALES,645,,JOAQUIM TAVORA,FORTALEZA,CE,BRASIL
JAF IMPORTS,JAF IMPORTS MATERIAL DE ESCRITORIO LTDA,50.937.657/0001-58,2796304676,AMANDABMAGNAGO@GMAIL.COM,supplier,,,29140552,RUA LOUREIRO,84,SALA 3,VASCO DA GAMA,CARIACICA,ES,BRASIL
J F SCHUCH,J F SCHUCH,26.187.688/0002-35,5137417594,JOAO_SCHUCH@HOTMAIL.COM,supplier,,,13290000,RUA WAGNER LUIZ BEVILACQUA,525,SETOR PARTE A1912,LEITAO,LOUVEIRA,SP,BRASIL
JM COMERCIAL,JM COMERCIAL ATACADISTA LTDA,56.228.544/0001-60,2781496606,JANINE@DUCOPRINT.COM.BR,supplier,,,29140080,AVENIDA ESPÍRITO SANTO,107,SALA 4,JARDIM AMÉRICA,CARIACICA,ES,BRASIL
JONI CRUZ TECIDOS E PRODUTOS IMPORTADOS,JONI CRUZ COMECIO E DISTRIBUICAO DE TECIDOS E PRODUTOS IMPORADOS LTDA,47.241.780/0001-25,1166586738,JONICRUZ-TECIDOS@HOTMAIL.COM,supplier,,,3031000,RUA TIERS,184,SALA 314,PARI,SÃO PAULO,SP,BRASIL
JOTA VIRTUAL,JOTA VIRTUAL LTDA,44.445.034/0001-65,4497464542,JULIOBAPTISTA70@GMAIL.COM,supplier,,,87033450,ALAMEDA DOUTOR JOAO PAULINO,1142,,JARDIM ALVORADA,MARINGÁ,PR,BRASIL
NAVIKA DIGITAL,JUTAHY RODRIGUES DE OLIVEIRA,55.262.624/0001-79,1147044037,NAVIKADIGITALL@HOTMAIL.COM,supplier,,,7074150,RUA ANTONIO CUSTODIO DE CASTRO,408,SALA 02,VILA GALVAO,GUARULHOS,SP,BRASIL
KALUNGA,KALUNGA SA,43.283.811/0147-03,1133469600,REGULARIZE@KALUNGA.COM.BR,supplier,,,60176065,RUA LAURO NOGUEIRA,1500,LOJA: LUC 1018 PISO L1;,PAPICU,FORTALEZA,CE,BRASIL
KALUNGA COMERCIO E INDUSTRIA GRAFICA LTDA,KALUNGA SA,43.283.811/0109-70,1133469600,REGULARIZE@KALUNGA.COM.BR,supplier,,,41098020,ALAMEDA EUVALDO LUZ,92,SALAO COM. L04.1 1 PISO SHOPPING BELA VISTA,HORTO BELA VISTA,SALVADOR,BA,BRASIL
F SPORTS,KS ARTIGOS ESPORTIVOS LTDA,41.189.340/0001-90,1691642167,VENDAS@KFSPORTS.COM,supplier,,,14409648,AVENIDA RICARTE SOARES SILVA,1351,,JARDIM CAMBUI,FRANCA,SP,BRASIL
KATUN BRASIL COMERCIO DE SUPRIMENTOS PECAS E EQUIPAMENTOS LTDA,KATUN BRASIL COMERCIO DE SUPRIMENTOS PECAS E EQUIPAMENTOS LTDA,02.135.222/0003-09,1136473182,BEILLE.SILVA@KATUN.COM,supplier,,,88317100,RODOVIA JORGE LACERDA,725,GALPAOA SETOR K,ESPINHEIROS,ITAJAÍ,SC,BRASIL
CENTRO DE DISTRIBUICAO KCO,KHRONOS INDUSTRIA COMERCIO E SERVICOS EM ELETRONICA LTDA,78.323.094/0016-03,4833819999,DIRETOR.ADM@GRUPOKHRONOS.COM.BR,supplier,,,88113880,RUA LEO PAULI,S/N,LOTE 08 E 09 QUADRA14,AREIAS,SÃO JOSÉ,SC,BRASIL
KITANI LOCACAO E COMERCIO DE EQUIPAMENTOS LTDA,KITANI LOCACAO E COMERCIO DE EQUIPAMENTOS LTDA,49.557.960/0001-46,1155748677,KITANI@KITANI.COM.BR,supplier,,,4054001,AVENIDA AFONSO MARIANO FAGUNDES,533,,SAUDE,SÃO PAULO,SP,BRASIL
KMF STORES,KMF STORES LTDA,49.651.217/0001-50,1164673384,ZILEIDLFIRME.A@GMAIL.COM,supplier,,,3113010,RUA CANUTO SARAIVA,59,LOJA 6A,MOOCA,SÃO PAULO,SP,BRASIL
KOST SUPRIMENTOS PARA INFORMATICA LTDA,KOST SUPRIMENTOS PARA INFORMATICA LTDA,40.531.705/0001-50,1143314550,JUCELAINE@TUDOPARARECARGA.COM.BR,supplier,,,9726410,RUA CONTINENTAL,622,,JARDIM DO MAR,SÃO BERNARDO DO CAMPO,SP,BRASIL
K.R.G,KRG COMPONENTES ELETRONICOS LTDA,03.297.593/0001-98,1126679368,EXPEDIENTE@JOBCONT.COM.BR,supplier,,,5634120,RUA JOSE FURTADO DE MENDONCA,59,,JARDIM MONTE KEMEL,SÃO PAULO,SP,BRASIL
KYOCERA SOLUCOES EM DOCUMENTOS BRAZIL LTDA,KYOCERA SOLUCOES EM DOCUMENTOS BRAZIL LTDA,07.275.398/0002-07,1198255022,LUCIANO.LOPES@DBR.KYOCERA.COM,supplier,,,88301030,RUA PEDRO FERREIRA,97,TERREO SALA 24,CENTRO,ITAJAÍ,SC,BRASIL
L. L . SOLUCOES E SERVICOS,L. L . SOLUCOES E SERVICOS LTDA,26.354.537/0001-43,1641414120,VENDAS.RP@ALFAPRINTER.COM.BR,supplier,,,14025210,RUA MARECHAL DEODORO,1566,,ALTO DA BOA VISTA,RIBEIRÃO PRETO,SP,BRASIL
L&L SILVA,LEANDRO LAURINDO DA SILVA,14.607.417/0001-21,1128265086,LEANDRO_SILVA08@HOTMAIL.COM,supplier,,,2847060,RUA DO OUTONO,219,,VILA ITABERABA,SÃO PAULO,SP,BRASIL
LELLO PRINT,LELLO PRINT BRASIL COMERCIAL LTDA,00.382.254/0002-00,2730246001,VEXCONLEGALIZACAO@GMAIL.COM,supplier,,,29168055,RUA ATALYDES MOREIRA DE SOUZA,1472,SALA 06,CIVIT I,SERRA,ES,BRASIL
LENOVO TECNOLOGIA (BRASIL) LIMITADA,LENOVO TECNOLOGIA (BRASIL) LIMITADA,07.275.920/0001-61,1939325400,LENOVOLEGAL@LENOVO.COM,supplier,,,13337200,ESTRADA MUNICIPAL JOSE COSTA DE MESQUITA,200,GALPAO1 A 11,CHACARA ALVORADA,INDAIATUBA,SP,BRASIL
LGHS COMERCIO DE ELETRONICOS LTDA,LGHS COMERCIO DE ELETRONICOS LTDA,16.979.292/0001-96,1120260255,VENDASEASYHELP@GMAIL.COM,supplier,,,8051000,AVENIDA DO IMPERADOR,3009,,LIMOEIRO,SÃO PAULO,SP,BRASIL
LIGEIRINHO ETIQUETAS,LIGEIRINHO ETIQUETAS E SOLUCOES PARA EMBALAGENS LTDA,53.464.633/0001-17,1147265974,FINANCEIRO@PAPALEGUASETIQUETAS.COM.BR,supplier,,,2181080,RUA BENTOPOLIS,146,FUNDOSA,PARQUE NOVO MUNDO,SÃO PAULO,SP,BRASIL
LOS COMPATIVEL,LILIANE DE OLIVEIRA DOS SANTOS,42.624.046/0001-21,2199967727,DAGSERVMEDICOS@HOTMAIL.COM,supplier,,,20520051,RUA CONDE DE BONFIM,00297,SAL 1201,TIJUCA,RIO DE JANEIRO,RJ,BRASIL
LIVRARIA PAGUE MENOS,LIVRARIA E PAPELARIA PAGUE MENOS LTDA,12.274.817/0002-18,8532266786,WASHINGTON@WASHINGTONBARROS.COM.BR,supplier,,,60025101,RUA MAJOR FACUNDO,829,,CENTRO,FORTALEZA,CE,BRASIL
LKF COMERCIO LTDA,LKF COMERCIO LTDA,09.174.097/0001-23,1139852375,LKF.COMERCIO@GMAIL.COM,supplier,,,2866200,RUA PROFA CARLINDA RIBEIRO,18,SALA 04,VILA PENTEADO,SÃO PAULO,SP,BRASIL
LOI BRASIL COMERCIO ELETRONICO LTDA,LOI BRASIL COMERCIO ELETRONICO LTDA,17.973.898/0001-87,1144401550,FABIAN@LOIBRASIL.COM.BR,supplier,,,9290520,AVENIDA DOS ESTADOS,7328,BLOCO 23,PARQUE JACATUBA,SANTO ANDRÉ,SP,BRASIL
LOJAO DOS PARAFUSOS,LOJAO DOS PARAFUSOS CEARA LTDA,73.413.999/0001-74,8532763240,FINANCEIRO@LOJAODOSPARAFUSOSCE.COM.BR,supplier,,,60870812,RODOVIA BR 116,10040,,MESSEJANA,FORTALEZA,CE,BRASIL
LOJA DAS ETIQUETAS,LOJA DAS ETIQUETAS LTDA,44.339.375/0001-56,1991313430,ADMINISTRATIVO@LOJADASETIQUETAS.COM.BR,supplier,,,13478713,RUA GERONYMO BRAGA,555,ANEXO SALAO 03,LOTEAMENTO INDUSTRIAL MACHADINHO,AMERICANA,SP,BRASIL
LVD INFORMATICA,LORDEVAN VIEIRA DODO,07.354.250/0001-79,1120855270,GEISA@LVDINFORMATICA.COM.BR,supplier,,,7013000,AVENIDA ANIELLO PRATICI,348,,JARDIM SANTA FRANCISCA,GUARULHOS,SP,BRASIL
REVENGE IT CONSULTORIA,LUCCA MOREIRA FORTINI 38196076843,16.559.611/0001-04,1126156570,REVENGEITGROUP@GMAIL.COM,supplier,,,2350001,RUA MARIA AMALIA LOPES AZEVEDO,647,,VILA ALBERTINA,SÃO PAULO,SP,BRASIL
NEXT PRINT SUPRIMENTOS PARA IMPRESSAO,NEXT PRINT LTDA,27.022.537/0001-09,4187177404,FRAN.CGCAMARGO@GMAIL.COM,supplier,,,83005100,RUA SETE DE SETEMBRO,582,APT 404,CENTRO,SÃO JOSÉ DOS PINHAIS,PR,BRASIL
CUBO WEB TECNOLOGIA,M P DE CARVALHO INFORMATICA LTDA,11.218.236/0001-15,1832220077,SILPADOVANI@HOTMAIL.COM,supplier,,,19028025,RUA CONRADO JOAO BACETI,208,,RES. MARE MANSA,PRESIDENTE PRUDENTE,SP,BRASIL
ALPHA EXPRESS IMPRESSAO & CIA,MADER INFORMATICA LTDA,41.759.257/0001-09,1199969159,JUCELAINE@TUDOPARARECARGA.COM.BR,supplier,,,9171615,AVENIDA SAO BERNARDO DO CAMPO,31,SALA 7,SITIO DOS VIANAS,SANTO ANDRÉ,SP,BRASIL
MAGAZINE LUIZA S/A,MAGAZINE LUIZA S/A,479609500/897-85,1637115738,FISCAL.ESTADUAL@MAGAZINELUIZA.COM.BR,supplier,,,13290000,RODOVIA BANDEIRANTES,S/N,KM 68 E 760 METROS SETOR C,RIO ABAIXO,LOUVEIRA,SP,BRASIL
MAIS WIRELESS,MAIS WIRELESS DISTRIBUICAO LTDA,40.623.078/0001-87,6233240908,GERENCIA@TEKDISTRIBUIDOR.COM.BR,supplier,,,75020310,TRAVESSA JOAO AIRES,197,SALA 03,SETOR CENTRAL,ANÁPOLIS,GO,BRASIL
M VIRTUAL,M SHOP LTDA,42.091.594/0001-33,4499991934,CARDOSO_OLI@HOTMAIL.COM,supplier,,,87043047,RUA RIO PARAGUACU,21,SALA 01,JARDIM OASIS,MARINGÁ,PR,BRASIL
KAER,MARCOS A. F. DA SILVA SERVICOS GRAFICOS,18.292.293/0001-93,1147250401,FINANCEIRO@KAER.COM.BR,supplier,,,13255130,AVENIDA GUERINO GRISOTTI,810,SALA A,LT. JD. ARIZONA,ITATIBA,SP,BRASIL
JOTACAR SHOP,JOTACAR SHOP LTDA,41.178.398/0001-38,1839081695,JOTACARSHOP@OUTLOOK.COM,supplier,,,19063760,RUA PEDRO KARRER,43,,JARDIM SANTA FE,PRESIDENTE PRUDENTE,SP,BRASIL
MT SUPRIMENTOS,MARIA TEREZA CASTIGLIERI,17.805.564/0001-02,1732455200,UNIAO@NETNEW.COM.BR,supplier,,,15200000,RUA JOAO RODANTE,880,,SAO JOSE,JOSÉ BONIFÁCIO,SP,BRASIL
ALA EMBALAGENS,MARILIA DE CARVALHO BARBOSA LTDA,39.557.322/0001-71,8599150003,ALAPLASTICOS.FINANCEIRO@GMAIL.COM,supplier,,,61607150,AVENIDA DA INTEGRACAO,1317B,,PATRICIA GOMES,CAUCAIA,CE,BRASIL
MASTER ARTS VARIEDADES,MASTER ARTS VARIEDADES LTDA,39.414.723/0001-72,1135032032,MASTERARTSVARI@GMAIL.COM,supplier,,,1023001,RUA BR DE DUPRAT,323,ANDAR 4 LOJA 402-B,CENTRO,SÃO PAULO,SP,BRASIL
MATARELLUS VARIEDADES,MATARELLUS VARIEDADES LTDA,61.777.653/0001-76,1132202131,MATARELLUSVARI@GMAIL.COM,supplier,,,1023903,RUA COMEN AFONSO KHERLAKIAN,79,ANDAR 2 STAND 20,CENTRO,SÃO PAULO,SP,BRASIL
MAXCO COMERCIAL,MAXCO COMERCIAL DE PRODUTOS DE ESCRITORIO LTDA,32.392.393/0001-12,8591368392,ADMINISTRACAO@MAXCOSTORE.COM.BR,supplier,,,60060360,RUA JOSE AVELINO,566,,PRAIA DE IRACEMA,FORTALEZA,CE,BRASIL
MUNDOWARE,MDWE LTDA,10.473.915/0001-78,1732222380,EVILSON@MUNDOWARE.COM.BR,supplier,,,15025620,RUA OSWALDO ARANHA,2728,,CANAA - JD.,SÃO JOSÉ DO RIO PRETO,SP,BRASIL
MEGAMAMUTE COMERCIO ON LINE DE ELETRONICOS E INFORMATICA LTDA,MEGAMAMUTE COMERCIO ON LINE DE ELETRONICOS E INFORMATICA LTDA,13.477.477/0006-19,4330278251,FISCAL@MEGAMAMUTE.COM.BR,supplier,,,37646908,RODOVIA FERNAO DIAS,S/N,KM 937 GALPAO300 SALA 01,DISTRITO INDUSTRIAL JARDIM,EXTREMA,MG,BRASIL
MELIDE EMBALAGENS LTDA,MELIDE EMBALAGENS LTDA,45.376.574/0001-05,1148283366,DFISCAL@CONTETO.COM.BR,supplier,,,9370260,RUA PORTO FELIZ,343,LETRA A ANDAR 1 SALA 1,JARDIM HAYDEE,MAUÁ,SP,BRASIL
MERCADO DE ELETRONICOS,MERCADO DE ELETRONICOS LTDA,47.100.575/0001-40,4196259358,MGSMARCLO@HOTMAIL.COM,supplier,,,83280000,RUA IVAI,13,,PIÇARRAS,GUARATUBA,PR,BRASIL
MERCORIENTAL IMPORTACAO E EXPORTACAO LTDA,MERCORIENTAL IMPORTACAO E EXPORTACAO LTDA,18.804.664/0002-50,2721040900,UNICON@UNICON.COM.BR,supplier,,,29161414,AVENIDA SETECENTOS,76,QUADRA016 LOTE M-02A SALA 10,TERMINAL INTERMODAL DA SERRA,SERRA,ES,BRASIL
MFL ACESSORIOS LTDA,MFL ACESSORIOS LTDA,15.765.446/0003-46,4234460001,LOPESMAURICIO25@GMAIL.COM,supplier,,,5275000,VIA ANHANGUERA,S/N,KM 25.5 P. LATERAL 130 SETOR PARTE C85,JARDIM JARAGUA,SÃO PAULO,SP,BRASIL
MGPARTS COMERCIO E DISTRIBUIDORA DE PECAS E COMPONENTES ELETRONICOS LTDA,MGPARTS COMERCIO E DISTRIBUIDORA DE PECAS E COMPONENTES ELETRONICOS LTDA,38.312.970/0001-03,4432747826,LEGALIZACAO@DIMARP.COM.BR,supplier,,,87050280,AVENIDA MONTEIRO LOBATO,21,,ZONA 08,MARINGÁ,PR,BRASIL
MIALI TECNOLOGIA,MIALI TECNOLOGIA LTDA,09.488.849/0001-20,1934078045,CONTATO@MIALITECNOLOGIA.COM.BR,supplier,,,13465660,RUA FORTUNATO FARAONE,1097,,JARDIM GIRASSOL,AMERICANA,SP,BRASIL
MICROCENTER TELEINFORMATICA COMERCIO E REPRES LTDA,MICROCENTER TELEINFORMATICA COMERCIO E REPRES LTDA,69.055.044/0001-15,1150522662,,supplier,,,6404250,AVENIDA ANAPOLIS,490,,VILA NILVA,BARUERI,SP,BRASIL
MICRORAR OUTSOURCING,MICRORAR OUTSOURCING LTDA,06.327.037/0001-05,4133638575,FINANCEIRO@MICRORAR.COM.BR,supplier,,,81530150,RUA SENADOR BATISTA DE OLIVEIRA,820,,JARDIM DAS AMERICAS,CURITIBA,PR,BRASIL
MICRORAR ROTULOS E ETIQUETAS LTDA,MICRORAR ROTULOS E ETIQUETAS LTDA,46.453.725/0001-36,4133638575,FINANCEIRO@MICRORAR.COM.BR,supplier,,,80030030,RUA HEITOR STOCKLER DE FRANÇA,396,CONJ 1407 ANDAR 14 COND NEO SUPER QUADRA ED BLOCO NEO SUPER QUADRA TOR,CENTRO CÍVICO,CURITIBA,PR,BRASIL
MINASCOPY NACIONAL,MINASCOPY NACIONAL LTDA,19.425.487/0005-06,3133598615,FABIOPALHARES@MINASCOPY.COM.BR,supplier,,,29157100,RODOVIA GOVERNADOR MARIO COVAS,S/N,QUIOSQKM 281 GLEBA 01 GALPAO01 PAVMTO01 BLOCO 01 SALA 223,PADRE MATHIAS,CARIACICA,ES,BRASIL
MK CONCEPT COMERCIO DE ELETRONICOS E ACESSORIOS LTDA,MK CONCEPT COMERCIO DE ELETRONICOS E ACESSORIOS LTDA,43.822.112/0001-30,4198548156,MATHEUSKFERRAZ@GMAIL.COM,supplier,,,82810350,AVENIDA VICTOR FERREIRA DO AMARAL,2633,LOJA L1175 ANDAR L01,TARUMA,CURITIBA,PR,BRASIL
MRL DO BRASIL IMPORTACAO E COMERCIO LTDA,MRL DO BRASIL IMPORTACAO E COMERCIO LTDA,44.808.617/0002-94,2133335406,JSB@JSBCONTABIL.COM.BR,supplier,,,5275000,VIA ANHANGUERA,S/N,KM 25.5 P. LATERAL 130 SETOR PARTE C1493,JARDIM JARAGUA,SÃO PAULO,SP,BRASIL
MTAG ETIQUETAS ADESIVAS,MTAG ETIQUETAS & ACESSORIOS EM GERAL LTDA,51.075.876/0001-38,1994514845,MTAG@MTAGETIQUETAS.COM.BR,supplier,,,13455745,RUA ANTONIO LUIS FORNAZIN,308,,JARDIM DONA REGINA,SANTA BÁRBARA D'OESTE,SP,BRASIL
MUNDIAL CABOS FLAT - COMERCIO DE CABOS,MUNDIAL CABOS FLAT - COMERCIO VAREJISTA DE MATERIAIS ELETRICOS LTDA,42.672.118/0001-06,1171667603,LEO_GOMES_JUNIOR@HOTMAIL.COM,supplier,,,3444000,RUA TAMAINDE,1107,SALA 2,VILA NOVA MANCHESTER,SÃO PAULO,SP,BRASIL
MUNDIAL VENDAS COMERCIO DE CABOS & VARIEDADES,MUNDIAL VENDAS COMERCIO DE MATERIAL ELETRO ELETRONICO & VARIEDADES LTDA,40.366.805/0001-78,1123669663,MUNDIALCABOSFLAT@GMAIL.COM,supplier,,,3444000,RUA TAMAINDE,1107,SALA 1,VILA NOVA MANCHESTER,SÃO PAULO,SP,BRASIL
MZ1 E-COMMERCE,MZ1 COMERCIO LTDA,20.927.603/0001-40,3121270029,ATENDIMENTO@MZ1.COM.BR,supplier,,,30730430,RUA JACUTINGA,269,LOJA: B;,PADRE EUSTAQUIO,BELO HORIZONTE,MG,BRASIL
NAGEM,CIL - COMERCIO DE INFORMATICA LTDA,24.073.694/0001-55,8121212000,FISCAL@NAGEM.COM.BR,supplier,,,50950170,RUA JORNALISTA MURILO MARROQUIM,220,,VARZEA,RECIFE,PE,BRASIL
NACELL CAPAS & ACESSORIOS,CAROLINA DE SOUSA DIANO,33.905.419/0001-41,8598508063,ZENASSESSORIACONTABIL@GMAIL.COM,supplier,,,60020000,RUA VINTE E QUATRO DE MAIO,309,,CENTRO,FORTALEZA,CE,BRASIL
ZE SOLUCOES,NATHAN INFORMATICA SOLUCOES LTDA,52.722.898/0001-05,1174734217,NATHANDDINFORMATICA@GMAIL.COM,supplier,,,1141020,RUA QUIRINO DOS SANTOS,30,SALA 5,VARZEA DA BARRA FUNDA,SÃO PAULO,SP,BRASIL
NEM COMPARA COMERCIO DE ELETRONICOS LTDA,NEM COMPARA COMERCIO DE ELETRONICOS LTDA,34.053.485/0001-01,1433118100,DIEGO.PAVARINI@CONNECTPARTS.COM.BR,supplier,,,17512120,RUA CARLOS TOSIN,1206,SALA 01,DISTRITO INDUSTRIAL,MARÍLIA,SP,BRASIL
NPARTS COMERCIO DE PECAS E ACESSORIOS DE INFORMATICA LTDA,NPARTS COMERCIO DE PECAS E ACESSORIOS DE INFORMATICA LTDA,27.842.676/0001-89,1151962257,ADMIN@NPARTS.COM.BR,supplier,,,1039000,AVENIDA IPIRANGA,1147,ANDAR 1 SALA 11A E 11B,REPUBLICA,SÃO PAULO,SP,BRASIL
OSWORLD LTDA,OSWORLD LTDA,55.812.806/0001-76,1195008147,OSWORLDLTDA@GMAIL.COM,supplier,,,3031040,RUA HANNEMANN,352,BOX 650-A,CANINDÉ,SÃO PAULO,SP,BRASIL
P&M COMERCIAL E DISTRIBUIDORA DE PRODUTOS E EQUIPAMENTOS LTDA,P&M COMERCIAL E DISTRIBUIDORA DE PRODUTOS E EQUIPAMENTOS LTDA,36.417.713/0001-00,4197970125,,supplier,,,81240000,RUA RAUL POMPEIA,831,,CIDADE INDUSTRIAL,CURITIBA,PR,BRASIL
PATY DISTRIBUIDORA,P.V. MARQUES ITAPETININGA,35.367.774/0001-30,1581211471,CONTATOLBLDISTRIBUIDORA@GMAIL.COM,supplier,,,18207812,RUA JOSE CANDIDO FERREIRA,50,,TUPY,ITAPETININGA,SP,BRASIL
PAGANI,PAGANI EQUIPAMENTOS PARA ESCRITORIO LTDA,42.238.689/0001-37,1897329131,PAGANIECOMMERCE@GMAIL.COM,supplier,,,15290011,RUA GENERAL GLICERIO,652,GALPAOSALAO,CENTRO,BURITAMA,SP,BRASIL
PALACIO DAS FERRAMENTAS E PARAFUSOS LTDA,PALACIO DAS FERRAMENTAS E PARAFUSOS LTDA,68.422.419/0001-75,1621049666,RELACIONAMENTO@PALACIODASFERRAMENTAS.COM.BR,supplier,,,14405901,AVENIDA RIO BRANCO,745,GALPAO08,VILA SANTOS DUMONT,FRANCA,SP,BRASIL
PARTAPE PRODUTOS DE EMBALAGENS,PARTAPE PRODUTOS DE EMBALAGENS LTDA,49.977.451/0001-72,4130333790,CONTATO@PLASTITAPE.COM.BR,supplier,,,83322040,RUA RIO AMAZONAS,343,,WEISSOPOLIS,PINHAIS,PR,BRASIL
EZ COMERCIO VAREJISTA DE EQUIPAMENTOS E SUPRIMENTOS DE INFORMATICA LTDA,EZ COMERCIO VAREJISTA DE EQUIPAMENTOS E SUPRIMENTOS DE INFORMATICA LTDA,28.303.354/0001-24,4498976806,PAULOS_AL@HOTMAIL.COM,supplier,,,87020035,AVENIDA ADVOGADO HORACIO RACCANELLO FILHO,6326,PAVMTO02 SALA 02 SETOR 15,ZONA 07,MARINGÁ,PR,BRASIL
PAVILHAO INFORMATICA LTDA,PAVILHAO INFORMATICA LTDA,41.760.319/0001-00,1113983928,CLAUDIA@TUDOPARARECARGA.COM.BR,supplier,,,9171615,AVENIDA SAO BERNARDO DO CAMPO,31,SALA 6,SITIO DOS VIANAS,SANTO ANDRÉ,SP,BRASIL
PCINFORMATICA.INFO,ANDRESA SOARES DUMMER,32.785.639/0001-16,5136714159,ESCRITORIOMERCURIO@TERRA.COM.BR,supplier,,,96780076,RUA MAJOR CRESCENCIO DE SOUZA,93,SALA 1,CENTRO,CAMAQUÃ,RS,BRASIL
"PLANETA COMERCIO, IMPORTACAO E EXPORTACAO LTDA","PLANETA COMERCIO, IMPORTACAO E EXPORTACAO LTDA",01.882.767/0002-35,1133226615,WILSON@BRASWU.COM.BR,supplier,,,3032000,AVENIDA VAUTIER,203,219,CANINDE,SÃO PAULO,SP,BRASIL
POLICROMEX,POLICROMEX COMERCIAL LTDA,42.349.617/0001-67,8532221700,MARCELO@POLICROMEX.COM.BR,supplier,,,60410305,AVENIDA DOS EXPEDICIONARIOS,4699,,PARREAO,FORTALEZA,CE,BRASIL
POP CASE,POP CASE LTDA,45.709.189/0001-24,4899769121,POPCASEVENDAS@GMAIL.COM,supplier,,,88330572,RUA 990,161,SALA 05 BOX 17,CENTRO,BALNEÁRIO CAMBORIÚ,SC,BRASIL
POTENCIAL SUPRIMENTOS DE INFORMATICA LTDA,POTENCIAL SUPRIMENTOS DE INFORMATICA LTDA,07.152.924/0001-52,4432675555,ADMINISTRATIVO@POTENCIALSUPRIMENTOS.COM.BR,supplier,,,87035480,RUA RODOLFO CREMM,6650,,JARDIM ANDRADE,MARINGÁ,PR,BRASIL
LMF - INFORMATICA,PRECISION PRINT COMERCIO E SERVICOS LTDA,36.178.679/0001-50,1122764448,CONTATO@AWRCONTABILIDADE.COM.BR,supplier,,,13600021,RUA NUNES MACHADO,997,,CENTRO,ARARAS,SP,BRASIL
PRECO MANIA INFORMATICA LTDA,PRECO MANIA INFORMATICA LTDA,43.734.403/0001-77,1821041198,ESCLIDER@ESCLIDER.COM.BR,supplier,,,5305011,AVENIDA IMP LEOPOLDINA,957,CONJ 1111 E 1 VG EDIF WINNER OFFICE,VILA LEOPOLDINA,SÃO PAULO,SP,BRASIL
PRIME INFORMATICA,PRIME INFORMATICA LTDA,43.756.244/0001-01,4488046532,SANTOSINFORMATICA83@GMAIL.COM,supplier,,,87047542,AVENIDA GUAIAPO,4947,SALA 03,JARDIM COLINA VERDE II,MARINGÁ,PR,BRASIL
PROHOSPITAL COMERCIO HOLANDA LTDA,PROHOSPITAL COMERCIO HOLANDA LTDA,09.485.574/0001-71,8532525699,RUFINO@PROHOSPITAL.COM.BR,supplier,,,60862730,AVENIDA CAPITAO HUGO BEZERRA,181,,BARROSO,FORTALEZA,CE,BRASIL
PROLUX,PROLUX COMERCIO LTDA,05.251.811/0002-60,8534444200,CONTA@MAPURUNGA.COM.BR,supplier,,,60710000,AVENIDA GODOFREDO MACIEL,711,,PARANGABA,FORTALEZA,CE,BRASIL
R7 COMERCIO E SERVICOS DE INFORMATICA LTDA,R7 COMERCIO E SERVICOS DE INFORMATICA LTDA,15.354.448/0002-61,8530467770,VENDAS@R7INFORMATICA.COM.BR,supplier,,,60840285,AVENIDA FREI CIRILO,3849,,MESSEJANA,FORTALEZA,CE,BRASIL
RE ATACADO,RE COMERCIO ATACADISTA DE ACESSORIOS LTDA,27.679.149/0001-03,5185050657,NFE@REATACADO.COM.BR,supplier,,,93700000,RUA VINTE DE SETEMBRO,150,,CENTRO,CAMPO BOM,RS,BRASIL
R FLEX BOBINAS E ETIQUETAS,R FLEX INDUSTRIA E COMERCIO LTDA,18.346.261/0001-23,2126088051,FLAVIA@RFLEXSUPRIMENTOS.COM.BR,supplier,,,24753450,ESTRADA DAS PIABAS,125,,VARZEA DAS MOCAS,SÃO GONÇALO,RJ,BRASIL
R M COMERCIO DE MATERIAL DE LIMPEZA LTDA,R M COMERCIO DE MATERIAL DE LIMPEZA LTDA,41.876.765/0001-77,8599915295,RON_ALMEIDA@HOTMAIL.COM,supplier,,,60160240,RUA JULIO ABREU,120,LOJA 01 LOJA 02 LOJA 03,VARJOTA,FORTALEZA,CE,BRASIL
R7 INFORMATICA,R7 COMERCIO E SERVICOS DE INFORMATICA LTDA,15.354.448/0001-80,8530467770,VENDAS@R7INFORMATICA.COM.BR,supplier,,,60325001,AVENIDA BEZERRA DE MENEZES,802,,SAO GERARDO,FORTALEZA,CE,BRASIL
RGT ELETRONICA LTDA,RGT ELETRONICA LTDA,05.943.957/0001-95,1121473000,ADMINISTRACAO@RAGTECH.COM.BR,supplier,,,8586260,ESTRADA ALBERTO HINOTO,6757,PREDIO 3,UNA,ITAQUAQUECETUBA,SP,BRASIL
READY SUPRIMENTOS DE INFORMATICA LTDA,READY SUPRIMENTOS DE INFORMATICA LTDA,40.390.360/0001-61,2164338875,INFOSENDE@GMAI.COM,supplier,,,21210340,RUA CAROEN,00011,SAL 317,PENHA CIRCULAR,RIO DE JANEIRO,RJ,BRASIL
MARQSTORE.ECOM,REINALDO MARQUES 08638571836,42.185.698/0001-07,1197399193,MARQSTORE.ECOM@GMAIL.COM,supplier,,,8830490,RUA GONCALVES MAGALHAES,40,,JARDIM DAS BANDEIRAS,MOGI DAS CRUZES,SP,BRASIL
REIS OFFICE PRODUCTS SERVICOS LTDA,REIS OFFICE PRODUCTS SERVICOS LTDA,07.337.935/0001-07,1124422600,COMUNICACAO@REISOFFICE.COM.BR,supplier,,,7040010,RUA FRANCISCO ANTUNES,598,CONJ 1,VILA AUGUSTA,GUARULHOS,SP,BRASIL
REIS OFFICE PRODUCTS COMERCIAL LTDA,REIS OFFICE PRODUCTS COMERCIAL LTDA,53.617.676/0005-19,1124422600,COMUNICACAO@REISOFFICE.COM.BR,supplier,,,29157100,RODOVIA GOVERNADOR MARIO COVAS,256,KM 280 SALA 10,PADRE MATHIAS,CARIACICA,ES,BRASIL
PRINT PARTS BRASIL,ROBERTA DE CASSIA SENA BIANCHI FERREIRA,24.651.573/0001-43,1144091213,ROBERTA.PRINTPARTS@HOTMAIL.COM,supplier,,,88372096,RUA JUIZ OSVALDO AREA HORN,440,BOX 14 SALA COMERCIAL,MEIA PRAIA,NAVEGANTES,SC,BRASIL
RODFUL ON-LINE,RODFUL COMERCIO ON-LINE DE EQUIPAMENTOS E SUPRIMENTOS DE INFORMATICA LTDA,38.281.166/0001-04,6184902612,GILBERTO@TRADETONER.COM.BR,supplier,,,13280017,AVENIDA BENEDITO STORANI,310,,CENTRO,VINHEDO,SP,BRASIL
RODRIGUES MATERIAL DE CONSTRUCOES,RODRIGUES MATERIAL DE CONSTRUCOES LTDA,14.788.633/0001-10,8532757719,XAVIERJOSE@OI.COM.BR,supplier,,,60820000,RUA FREI CANECA,467,,JARDIM DAS OLIVEIRAS,FORTALEZA,CE,BRASIL
RODTEC1INK,RODTEC1INK COMERCIO E MANUTENCAO DE AUDIO E VIDEO LTDA,32.185.863/0001-77,1147391035,SAC@RODTEC.COM.BR,supplier,,,8820490,RUA DINORAH DA CONCEICAO BRAGA (MORADA SOL I),29,,CEZAR DE SOUZA,MOGI DAS CRUZES,SP,BRASIL
"RRN IMPORTACAO, EXPORTACAO DISTRIBUICAO E COMERCIO LTDA","RRN IMPORTACAO, EXPORTACAO DISTRIBUICAO E COMERCIO LTDA",18.604.589/0001-00,1180578272,CONTATO@GRUPOMACRIS.COM.BR,supplier,,,9541520,AVENIDA DOUTOR AUGUSTO DE TOLEDO,72,ANEXO 78 E 80,SANTA PAULA,SÃO CAETANO DO SUL,SP,BRASIL
RUPP,RUPP PAPELARIA LTDA,26.405.371/0001-47,1143097725,RICARDO_SALVI32@HOTMAIL.COM.BR,supplier,,,9370620,AVENIDA CLODOALDO PORTUGAL CARIBE,108 A,,VILA ASSIS BRASIL,MAUÁ,SP,BRASIL
RVS E-COOMERCE,RVS E-COOMERCE PRESENTES LTDA,51.955.026/0001-24,1130135000,RRVSLTDA@GMAIL.COM,supplier,,,8010060,RUA TTE LUIS FERNANDO LOBO,130,ANDAR 1 SALA 14,SAO MIGUEL PAULISTA,SÃO PAULO,SP,BRASIL
SAC JOIAS LTDA,SAC JOIAS LTDA,04.028.901/0001-42,3132225006,FISCAL@CONTAPOSITIVA.COM.BR,supplier,,,30170131,RUA SAO PAULO,893,SALA: 1306;,CENTRO,BELO HORIZONTE,MG,BRASIL
SAMSUNG ELETRONICA DA AMAZONIA LTDA,SAMSUNG ELETRONICA DA AMAZONIA LTDA,00.280.273/0002-18,1156442800,FISCAL.SEDA@SAMSUNG.COM,supplier,,,13097105,RUA THOMAS NILSEN JUNIOR,150,PARTE A,PARQUE IMPERADOR,CAMPINAS,SP,BRASIL
SCANSOURCE DO BRASIL,SCANSOURCE BRASIL DISTRIBUIDORA DE TECNOLOGIAS LTDA,05.607.657/0008-01,4121696500,TAX@SCANSOURCE.COM,supplier,,,88317600,RUA DOMINGOS RAMPELOTTI,3501,MODULO 12 A E B,SAO ROQUE,ITAJAÍ,SC,BRASIL
SCAR X LTDA,SCAR X LTDA,53.287.068/0001-60,1157772074,SCARXLTDA@GMAIL.COM,supplier,,,1023001,RUA BR DE DUPRAT,323,ANDAR 4 LOJA 408,CENTRO,SÃO PAULO,SP,BRASIL
AGROTRANS CRUZ,SERGIO CRUZ,29.706.221/0001-61,1147782759,HERCONSULT.CONTABILIDADE@GMAIL.COM,supplier,,,6790140,RUA MARIA OLEGARIA BARBOSA LIMA,164,,JARDIM TRES MARIAS,TABOÃO DA SERRA,SP,BRASIL
SHARK LASER INFORMATICA LTDA,SHARK LASER INFORMATICA LTDA,23.558.037/0001-35,3132121101,DIPLOMATASIARE@GMAIL.COM,supplier,,,30431420,RUA PARAOQUENA,81,,NOVA GRANADA,BELO HORIZONTE,MG,BRASIL
CCTOOLS,SHEERPACK COMERCIO E IMPORTACAO LTDA,27.119.757/0001-55,1992939143,FINANCEIRO@CCTOOLS.COM.BR,supplier,,,13478743,RUA MALAGA,579,,JARDIM BERTONI,AMERICANA,SP,BRASIL
SHOW DE IMAGEM AUDIOVISUAIS,SHOW DE IMAGEM AUDIOVISUAIS LTDA,04.340.772/0001-23,1155555555,CONTATO@GMAIL.COM,supplier,,,4257010,RUA PROF SYLAS BALTAZAR DE ARAUJO,249,,PARQUE FONGARO,SÃO PAULO,SP,BRASIL
SILVA & SILVA COMERCIAL LTDA,SILVA & SILVA COMERCIAL LTDA,46.990.563/0001-75,1157925875,COMERCIALMODASCONFE@GMAIL.COM,supplier,,,1030001,RUA FLORENCIO DE ABREU,418,ANDAR 1 - LOJA 1-B -25,CENTRO,SÃO PAULO,SP,BRASIL
SMART ID - COMERCIO E SERVICOS DE INFORMATICA LTDA,SMART ID - COMERCIO E SERVICOS DE INFORMATICA LTDA,57.654.386/0001-72,1122097430,DIRETORIA@SMART-ID.COM.BR,supplier,,,2206000,RUA MAJOR DANTAS CORTEZ,351,ANDAR 1,VILA GUSTAVO,SÃO PAULO,SP,BRASIL
SODINE,SODINE SOCIEDADE DISTRIBUIDORA DO NORDESTE LTDA,07.342.785/0001-20,8540128114,FISCAL@SODINE.COM.BR,supplier,,,60025130,RUA FLORIANO PEIXOTO,230,,CENTRO,FORTALEZA,CE,BRASIL
BSMAIS GIFT,BSM COMERCIO DE VARIEDADES LTDA,39.615.906/0001-56,8592121456,BSMAISGIFT@OUTLOOK.COM,supplier,,,60020030,RUA GENERAL SAMPAIO,704,,CENTRO,FORTALEZA,CE,BRASIL
SOLUCOES EM INTERMEDIACAO DE CELL LTDA,SOLUCOES EM INTERMEDIACAO DE CELL LTDA,53.418.502/0001-01,6992031776,RAVAZZI.CONT@GMAIL.COM,supplier,,,1033904,RUA BENEFICENCIA PORTUGUESA,24,SALA 810 M,CENTRO,SÃO PAULO,SP,BRASIL
STELLAPACK,STELLAPACK EMBALAGENS E DESCARTAVEIS LTDA,47.030.573/0001-21,1141141640,DESCHEM@GRUPODESCHEM.COM.BR,supplier,,,1451917,AVENIDA BRIG FARIA LIMA,1572,SALA 1022,JARDIM PAULISTANO,SÃO PAULO,SP,BRASIL
STICK COMERCIO E SERVICOS LTDA,STICK COMERCIO E SERVICOS LTDA,06.192.526/0001-05,1141643831,LUIZPEDRO@UOL.COM.BR,supplier,,,6036018,AVENIDA PADRE VICENTE MELILLO,1825,,JARDIM ORIENTAL,OSASCO,SP,BRASIL
STRATEGY SOLUCOES TECNOLOGICAS LTDA,STRATEGY SOLUCOES TECNOLOGICAS LTDA,10.797.045/0001-92,4732030200,ELAINE.GOULART@COLEPACK.COM.BR,supplier,,,89280181,TRAVESSA THEODORO KOCH,30,BOX 12,CENTRO,SÃO BENTO DO SUL,SC,BRASIL
SUPPLY DISTRIBUIDORA,SUPER SUPPLY DISTRIBUIDORA LTDA,45.141.688/0001-68,8533001818,NFE@SUPERSUPPLY.COM.BR,supplier,,,60870576,AVENIDA DIONISIO ALENCAR,1212,,JANGURUSSU,FORTALEZA,CE,BRASIL
SUPPLEX,SUPPLEX COMERCIO DE MATERIAL DE ESCRITORIO & PAPELARIA LTDA,29.404.299/0001-21,8540128113,,supplier,,,60821802,AVENIDA OLIVEIRA PAIVA,3013,,CAMBEBA,FORTALEZA,CE,BRASIL
SUPRI & CIA.,SUPRI & CIA. TECNOLOGIA EM IMPRESSAO LTDA,82.169.780/0001-62,4733490737,ATENDIMENTO@SUPRIECIA.COM.BR,supplier,,,88304120,RUA JOAQUIM JOSE DE FREITAS,848,,SAO JOAO,ITAJAÍ,SC,BRASIL
SUPRIVIX,SUPRIVIX - SUPRIMENTOS DE INFORMATICA LTDA,08.039.907/0002-57,2733465300,FELLIPEMAGNAGO@HOTMAIL.COM,supplier,,,29140552,RUA LOUREIRO,84,SALA 1,VASCO DA GAMA,CARIACICA,ES,BRASIL
KSR DISTRIBUIDORA,SUZANO S.A.,16.404.287/0303-05,1136365000,REGULARIDADES@SUZANO.COM.BR,supplier,,,60330878,AVENIDA FRANCISCO SA,7700,GALPAO01,BARRA DO CEARA,FORTALEZA,CE,BRASIL
SV ELETRICA E ILUMINACAO,S V COMERCIO DE MATERIAL ELETRICO LTDA,35.088.657/0001-37,8532147900,CONTABILIDADE@SVELETRICA.COM,supplier,,,60325000,AVENIDA BEZERRA DE MENEZES,420,,FARIAS BRITO,FORTALEZA,CE,BRASIL
NELSON NOVAES COMERCIO DE PAPEIS E SUPRIMENTOS DE INFORMATICA,NELSON NOVAES COMERCIO DE PAPEIS E SUPRIMENTOS DE INFORMATICA,41.897.212/0001-09,1156875222,CONTATO.REXCONTABIL@GMAIL.COM,supplier,,,4728170,RUA ANGELO PARIZ FORNAZA,12,,JARDIM CARAVELAS,SÃO PAULO,SP,BRASIL
JTR MULTIPRODUTOS,T DE S VIANA DEPARTAMENTO E MAGAZINE,33.859.400/0001-06,6799322453,CONTATO@JMGSOCIETARIO.COM.BR,supplier,,,12951000,AVENIDA PRESIDENTE VARGAS,373,SALA 6,JARDIM DAS CEREJEIRAS,ATIBAIA,SP,BRASIL
T. MORAES SALLES - INFORMATICA,T. MORAES SALLES - INFORMATICA,29.048.251/0001-28,4430404027,CECONCONTABILIDADE@WNET.COM.BR,supplier,,,87035450,RUA JOSE LEONIDAS NERONE,317,,JARDIM ANDRADE,MARINGÁ,PR,BRASIL
SOLUTION - COPIADORAS E SUPRIMENTOS,T.S.C. COMERCIO VAREJISTA DE INFORMATICA LTDA,40.169.125/0001-64,1332235848,SOLUTIONCOPIADORA@HOTMAIL.COM,supplier,,,11070021,RUA BENEDITO ERNESTO GUIMARAES,116,CASA 07,MARAPE,SANTOS,SP,BRASIL
TAMASS COMERCIO DE PRODUTOS PLASTICOS E PAPEIS LTDA,TAMASS COMERCIO DE PRODUTOS PLASTICOS E PAPEIS LTDA,10.689.096/0001-09,8532231946,TAMASSPAP@GMAIL.COM,supplier,,,60325000,AVENIDA BEZERRA DE MENEZES,264,,FARIAS BRITO,FORTALEZA,CE,BRASIL
TAMPAO.COM ACESSORIOS LTDA,TAMPAO.COM ACESSORIOS LTDA,29.742.751/0001-65,1143096838,TAMPAO.COM@GMAIL.COM,supplier,,,9361420,RUA JOAO ALETTO,29,,VILA MORELLI,MAUÁ,SP,BRASIL
TEC PRINT SUPRIMENTOS E ASSISTENCIA TECNICA LTDA,TEC PRINT SUPRIMENTOS E ASSISTENCIA TECNICA LTDA,05.654.516/0001-73,1632114455,LEGALIZACAODEEMPRESAS@DAPESI.COM.BR,supplier,,,14090550,RUA SAO FRANCISCO DE ASSIS,110,,JARDIM CASTELO BRANCO,RIBEIRÃO PRETO,SP,BRASIL
TECNOLED CABOS FLAT E CONECTORES,TECNOLED CABOS FLAT IMPORTACAO E EXPORTACAO LTDA,22.127.998/0001-22,1434416859,ANAPAULAMILTUS@HOTMAIL.COM,supplier,,,17603650,ALAMEDA LANCASTER,147,,VILA INGLESA,TUPÃ,SP,BRASIL
TECNOTONER,TECNOTONER CARTUCHOS PARA IMPRESSORAS LTDA.,68.282.672/0007-66,1146028700,VLADIMIR.BOSSONI@TECNOTONER.COM.BR,supplier,,,88311715,RUA HENRIQUE MICHELS JUNIOR,300,AREA A SALA 22,CORDEIROS,ITAJAÍ,SC,BRASIL
V12 OLINE SHOP,THAMIRYS AMARAL DE JESUS,40.600.559/0001-77,4499049292,RS.ORG.CONTABEIS@HOTMAIL.COM,supplier,,,87025644,RUA PIONEIRO ANTONIO PIETRO BON,795,,JARDIM LICCE,MARINGÁ,PR,BRASIL
SOLUTION - COPIADORAS E SUPRIMENTOS,TIAGO DOS SANTOS COSTA - COPIADORAS,06.941.498/0001-73,1332235848,,supplier,,,11015540,RUA JULIO CONCEICAO,245,CASA;,VILA MATHIAS,SANTOS,SP,BRASIL
TINSEI - COMERCIO E SOLUCOES EM IMPORTACAO,TINSEI COMERCIO IMPORTACAO E DISTRIBUICAO LTDA,13.839.772/0001-63,3133336151,PAULOHCUNHA1960@YAHOO.COM.BR,supplier,,,30390085,RODOVIA ANEL RODOVIARIO CELSO MELLO AZEVEDO,1206,,OLHOS D'AGUA,BELO HORIZONTE,MG,BRASIL
TKS COMPONENTES LTDA,TKS COMPONENTES LTDA,46.517.766/0001-49,4130922190,TKSCOMPONENTES@GMAIL.COM,supplier,,,82510290,RUA CANADA,1744,,BACACHERI,CURITIBA,PR,BRASIL
TNTINFO,TNTINFO COMERCIO DE MATERIAIS DE INFORMATICA LTDA,08.606.542/0002-03,1933075263,TNTINFO@TNTINFO.COM.BR,supplier,,,29111300,AVENIDA JOAO FRANCISCO GONCALVES,100,ANEXO AJ,COBILANDIA,VILA VELHA,ES,BRASIL
TNTINFO,TNTINFO COMERCIO DE MATERIAIS DE INFORMATICA LTDA,08.606.542/0001-14,1933075263,TNTINFO@TNTINFO.COM.BR,supplier,,,13049252,AVENIDA DERMIVAL BERNARDES SIQUEIRA,3316,,SWISS PARK,CAMPINAS,SP,BRASIL
TOLEDO IMPORTACAO LTDA,TOLEDO IMPORTACAO LTDA,19.109.606/0001-98,1736321502,CARLOSVIALLE@GMAIL.COM,supplier,,,15708000,AVENIDA MARGINAL AUREO FERNANDES DE FARIA,1427,GALPAO.,PARQUE INDUSTRIAL II,JALES,SP,BRASIL
TOP SWAPPING,TOP SWAPPING COMERCIO E SERVICOS DE PRODUTOS ELETROELETRONICOS E DE INFORMATICA LTDA.,16.985.607/0001-08,1138797140,CONTATO@SFBARROS.COM.BR,supplier,,,9930450,AVENIDA PARANAPANEMA,238,SALA 01,TABOAO,DIADEMA,SP,BRASIL
TROFEL INFORMATICA LTDA,TROFEL INFORMATICA LTDA,41.809.185/0001-67,1199969159,SIMONE@TUDOPARARECARGA.COM.BR,supplier,,,9851700,RUA ANGELA MARCON BONICIO,92,SALA 1,COOPERATIVA,SÃO BERNARDO DO CAMPO,SP,BRASIL
TS SHARA TECNOLOGIA DE SISTEMAS LTDA,TS SHARA TECNOLOGIA DE SISTEMAS LTDA,64.600.422/0005-04,1120186000,TSSHARA@TSSHARA.COM.BR,supplier,,,8340010,AVENIDA FORTE DO LEME,1150,GALPAO06,PARQUE SAO LOURENCO,SÃO PAULO,SP,BRASIL
TSCOTTI COMERCIAL,TSCOTTI COMERCIO ATACADO E VAREJO LTDA,52.087.365/0001-07,1113098187,JOANAAARC9@GMAIL.COM,supplier,,,3016001,RUA ORIENTE,777,ANDAR 2 SALA 13,BRÁS,SÃO PAULO,SP,BRASIL
TUBARAO EQUIPAMENTOS DE PROTECAO INDIVIDUAL LTDA,TUBARAO EQUIPAMENTOS DE PROTECAO INDIVIDUAL LTDA,45.025.666/0001-32,1120204100,MARCOS@TUBARAOEQUIPAMENTOS.COM.BR,supplier,,,3210010,RUA MURTA-DO-CAMPO,705,,VILA ALPINA,SÃO PAULO,SP,BRASIL
TUPI MOBILITY SOLUTIONS LTDA,TUPI MOBILITY SOLUTIONS LTDA,30.356.271/0001-45,1145525000,ADM@TMS.COM.BR,supplier,,,6460120,AVENIDA CECI,608,ANEXO 638 BLOCO B12,TAMBORE,BARUERI,SP,BRASIL
UAITEM.COM.BR,UAI COMERCIO DIGITAL LTDA EM RECUPERACAO JUDICIAL,13.035.177/0002-56,3135003659,FISCAL@UAITEM.COM.BR,supplier,,,32113491,RUA CLEMENTE ANIBAL BRANCO,375,GALPAO3,DISTRITO INDUSTRIAL DOUTOR HELIO PENTAGNA GUIMARAE,CONTAGEM,MG,BRASIL
UBIQUITI BRAZIL COMERCIO DE ELETRONICOS LTDA.,UBIQUITI BRAZIL COMERCIO DE ELETRONICOS LTDA.,33.166.730/0001-16,2134908007,BR.STORE@UI.COM,supplier,,,4578000,AVENIDA DAS NACOES UNIDAS,12399,CONJ 73 A SALA 5,BROOKLIN PAULISTA,SÃO PAULO,SP,BRASIL
UNISHOP TECNOLOGIA E IMPRESSAO LTDA,UNISHOP TECNOLOGIA E IMPRESSAO LTDA,03.501.503/0001-39,1137565151,UNISHOP@UNISHOP.COM.BR,supplier,,,8220310,RUA GUARIUBA,337,,VILA CAMPANELA,SÃO PAULO,SP,BRASIL
UP 2 TECH DO BRASIL S/A,UP 2 TECH DO BRASIL S/A,20.704.757/0007-69,1981106977,KSOARES@UP2TECH.COM.BR,supplier,,,7260170,RUA CACIMBA DE AREIA,65,GALPAO1 ANTIGO N 100,PARQUE SAO MIGUEL,GUARULHOS,SP,BRASIL
UP 2 TECH IMPORTACAO E COMERCIO,UP 2 TECH DO BRASIL S/A,20.704.757/0001-73,1981106977,KSOARES@UP2TECH.COM.BR,supplier,,,7175090,AVENIDA PASCHOAL THOMEU,1141,GALPAO3-4 LOTE 2-B,VILA NOVA BONSUCESSO,GUARULHOS,SP,BRASIL
UP PARTNERS DISTRIBUIDORA DE EQUIPAMENTOS E SUPRIMENTOS LTDA,UP PARTNERS DISTRIBUIDORA DE EQUIPAMENTOS E SUPRIMENTOS LTDA,41.968.799/0002-72,1151970277,ADM@UPPARTNERS.COM.BR,supplier,,,29168055,RUA ATALYDES MOREIRA DE SOUZA,1472,SALA 31,CIVIT I,SERRA,ES,BRASIL
UPPRINTER,UPPRINTER COMERCIO DE IMPRESSORAS E SUPRIMENTOS LTDA,12.292.451/0001-29,5139335065,UPIMPRESSORAS@UPIMPRESSORAS.COM,supplier,,,93800268,RUA PINHEIRO MACHADO,125,,CENTRO,SAPIRANGA,RS,BRASIL
UPS SOLUCAO E SERVICOS,UPS SOLUCAO E SERVICOS LTDA,09.174.635/0001-80,8530911574,FINANCEIRO@UPSSOLUCOESESERVICOS.COM.BR,supplier,,,60360415,RUA MARTINS NETO,313,,ANTONIO BEZERRA,FORTALEZA,CE,BRASIL
VA SUPRIMENTOS,VA SUPRIMENTOS LTDA,47.731.323/0001-19,5195752944,VASUPRIMENTOS.SC@GMAIL.COM,supplier,,,88905398,RUA CAVERAZINHO,150,FUNDOSPAVILHAO 02,URUSSANGUINHA,ARARANGUÁ,SC,BRASIL
VCORE SOLUCOES INFORMATICA LTDA,VCORE SOLUCOES INFORMATICA LTDA,13.142.848/0001-05,4130551933,CONTATO@BARRION.COM.BR,supplier,,,83407790,RUA BARIRI,48,,SAO GABRIEL,COLOMBO,PR,BRASIL
MENU DO ESCRITORIO,VICENTE SARTORI,14.929.288/0001-98,5130317171,,supplier,,,91030470,AVENIDA MENA BARRETO,330,,SANTA MARIA GORETTI,PORTO ALEGRE,RS,BRASIL
VICTOR RODRIGUES GARCIA 48226490839,VICTOR RODRIGUES GARCIA 48226490839,45.292.712/0001-60,1993249451,VCRODRIGUES98@GMAIL.COM,supplier,,,13060702,RUA CELIO DOS SANTOS FERREIRA,309,,PARQUE RESIDENCIAL VILA UNIAO,CAMPINAS,SP,BRASIL
VIKINGS DIGITAL,VIKINGS DIGITAL LTDA,24.804.709/0001-08,1149425260,CADASTRO@GUIMARAESARANHA.COM.BR,supplier,,,29161414,AVENIDA SETECENTOS,76,QUADRA16 LOTE M-02A SALA 18,TERMINAL INTERMODAL DA SERRA,SERRA,ES,BRASIL
VIP CONSTRUCOES,A L M NOGUEIRA CONSTRUCOES LTDA,10.296.863/0001-01,8587292367,VIPCONSTRUCOES1@HOTMAIL.COM,supplier,,,60181712,RUA ISMAEL PORDEUS,SN,LOTE 12 - QUADRA 59,CAIS DO PORTO,FORTALEZA,CE,BRASIL
VOBELLA SOLUCOES & DISTRIBUICAO LTDA,VOBELLA SOLUCOES & DISTRIBUICAO LTDA,40.188.681/0001-88,1147228135,PATRICIA.PORTELA@TERRA.COM.BR,supplier,,,13242158,RUA LUCA,1160,,VILA NOVA TRIESTE,JARINU,SP,BRASIL
VR PRINT COMERCIO E SERVICOS DE SUPRIMENTOS PARA INFORMATICA LTDA,VR PRINT COMERCIO E SERVICOS DE SUPRIMENTOS PARA INFORMATICA LTDA,23.830.923/0001-76,1930201431,LICITACAO@VRPRINTLTDA.COM.BR,supplier,,,13070260,RUA ESPANHA,287,SALA 1,VILA ROSSI BORGHI E SIQUEIRA,CAMPINAS,SP,BRASIL
RHB IMPORT,VRI IMPORTACAO E EXPORTACAO LTDA,17.900.658/0001-52,4132831755,TRIBUTARIO@RHBIMPORT.COM.BR,supplier,,,83010620,AVENIDA ROCHA POMBO,2561,PAVLH 3-B,AGUAS BELAS,SÃO JOSÉ DOS PINHAIS,PR,BRASIL
URBANO DESCARTE DE INFORMATICA,WALTER CEZAR BOVINO VOLPONI,19.322.863/0001-03,1147382380,TECFAT@HOTMAIL.COM,supplier,,,3372020,RUA ARMANDO DIAS,567,,CHACARA MAFALDA,SÃO PAULO,SP,BRASIL
WXTEC INFORMATICA,WXTEC INFORMATICA LTDA,44.065.309/0001-35,8532425624,GBSCONTABILIDADE@YAHOO.COM.BR,supplier,,,60135101,AVENIDA ANTONIO SALES,945,,JOAQUIM TAVORA,FORTALEZA,CE,BRASIL
XEROX COMERCIO E INDUSTRIA LTDA,XEROX COMERCIO E INDUSTRIA LTDA,02.773.629/0002-80,2140091212,ROGERIO.TAVARES@XEROX.COM,supplier,,,27580000,AVENIDA AVENIDA INDUSTRIAL ALDA BERNARDES FARIA E SILVA,1881,BLOCO 200 GALPAO07,ITATIAIA,ITATIAIA,RJ,BRASIL
55.685.878 YOHANNA VITORIA ZORZETTO MAFRA,55.685.878 YOHANNA VITORIA ZORZETTO MAFRA,55.685.878/0001-08,1155647585,YOHANNAMAFRA33@GMAIL.COM,supplier,,,4423000,AVENIDA SENADOR VITORINO FREIRE,180,,JARDIM MELO,SÃO PAULO,SP,BRASIL
