id,name,is_kit,created_at,updated_at,deleted_at
1,ESTABILIZADOR,1,2026-06-26 08:34:49,2026-06-26 08:34:49,
2,FONTE DE IMPRESSORA,1,2026-06-26 08:34:49,2026-06-26 08:34:49,
3,MONITOR,1,2026-06-26 08:34:49,2026-06-26 08:34:49,
4,WEBCAM,1,2026-06-26 08:34:49,2026-06-26 08:34:49,
5,PROJETOR,0,2026-06-26 08:34:49,2026-06-26 08:34:49,
6,IMPRESSORA JATO DE TINTA COLOR,0,2026-06-26 08:34:49,2026-06-26 08:34:49,
7,MULTIFUNCIONAL LASER MONO,0,2026-06-26 08:34:49,2026-06-26 08:34:49,
8,MULTIFUNCIONAL JATO DE TINTA COLOR,0,2026-06-26 08:34:49,2026-06-26 08:34:49,
9,HUB USB,1,2026-06-26 08:34:49,2026-06-26 08:34:49,
10,ORGANIZADOR DE FILA,1,2026-06-26 08:34:49,2026-06-26 08:34:49,
11,SCANNER,0,2026-06-26 08:34:49,2026-06-26 08:34:49,
12,SWITCH,0,2026-06-26 08:34:49,2026-06-26 08:34:49,
13,IMPRESSORA MATRICIAL,0,2026-06-26 08:34:49,2026-06-26 08:34:49,
14,MICRO,0,2026-06-26 08:34:49,2026-06-26 08:34:49,
15,NOTEBOOK,0,2026-06-26 08:34:49,2026-06-26 08:34:49,
16,MULTIFUNCIONAL LASER COLOR,0,2026-06-26 08:34:49,2026-06-26 08:34:49,
17,MAQUINA P/ ILHOS,1,2026-06-26 08:34:49,2026-06-26 08:34:49,
18,DETECTOR DE METAL,1,2026-06-26 08:34:49,2026-06-26 08:34:49,
19,IMPRESSORA LASER MONO,0,2026-06-26 08:34:49,2026-06-26 08:34:49,
20,TESTADOR DE CABO DE REDE,1,2026-06-26 08:34:49,2026-06-26 08:34:49,
21,PEDESTAL P/ BANNER,1,2026-06-26 08:34:49,2026-06-26 08:34:49,
22,MODULO ISOLADOR,1,2026-06-26 08:34:49,2026-06-26 08:34:49,
23,MICROFONE,0,2026-06-26 08:34:49,2026-06-26 08:34:49,
24,FOGAO,1,2026-06-26 08:34:49,2026-06-26 08:34:49,
25,LEITOR DE CODIGO DE BARRAS,1,2026-06-26 08:34:49,2026-06-26 08:34:49,
26,TRANSFORMADOR,1,2026-06-26 08:34:49,2026-06-26 08:34:49,
27,BASE P/ RADIO COMUNICADOR,1,2026-06-26 08:34:49,2026-06-26 08:34:49,
28,FONTE DE RADIO COMUNICADOR,1,2026-06-26 08:34:49,2026-06-26 08:34:49,
29,NOBREAK,1,2026-06-26 08:34:49,2026-06-26 08:34:49,
30,ROTEADOR,1,2026-06-26 08:34:49,2026-06-26 08:34:49,
31,ASPIRADOR DE PO,1,2026-06-26 08:34:49,2026-06-26 08:34:49,
32,DIVISOR DE SINAL,1,2026-06-26 08:34:49,2026-06-26 08:34:49,
33,CAIXA DE SOM,1,2026-06-26 08:34:49,2026-06-26 08:34:49,
34,IMPRESSORA TERMICA,0,2026-06-26 08:34:49,2026-06-26 08:34:49,
35,RADIO COMUNICADOR,1,2026-06-26 08:34:49,2026-06-26 08:34:49,
36,APARELHO DE DVD,1,2026-06-26 08:34:49,2026-06-26 08:34:49,
37,TELAO,1,2026-06-26 08:34:49,2026-06-26 08:34:49,
38,SERVIDOR,1,2026-06-26 08:34:49,2026-06-26 08:34:49,
39,CAMERA DE SEGURANÇA,1,2026-06-26 08:34:49,2026-06-26 08:34:49,
40,VIDEO CASSETE,1,2026-06-26 08:34:49,2026-06-26 08:34:49,
41,FAX,1,2026-06-26 08:34:49,2026-06-26 08:34:49,
42,GUILHOTINA,1,2026-06-26 08:34:49,2026-06-26 08:34:49,
43,FURADEIRA,1,2026-06-26 08:34:49,2026-06-26 08:34:49,
44,IMPRESSORA LASER COLOR,0,2026-06-26 08:34:49,2026-06-26 08:34:49,
45,TORRE DE GRAVACAO CD/DVD,1,2026-06-26 08:34:49,2026-06-26 08:34:49,
46,GRAMPEADOR,1,2026-06-26 08:34:49,2026-06-26 08:34:49,
47,NETBOOK,0,2026-06-26 08:34:49,2026-06-26 08:34:49,
48,FRAGMENTADORA DE PAPEL,1,2026-06-26 08:34:49,2026-06-26 08:34:49,
49,LAVADORA DE PRESSAO,1,2026-06-26 08:34:49,2026-06-26 08:34:49,
50,TV,0,2026-06-26 08:34:49,2026-06-26 08:34:49,
51,FONTE DE NOTEBOOK,1,2026-06-26 08:34:49,2026-06-26 08:34:49,
52,LEITOR BIOMETRICO,1,2026-06-26 08:34:49,2026-06-26 08:34:49,
53,DUPLICADOR,1,2026-06-26 08:34:49,2026-06-26 08:34:49,
54,TV BOX,0,2026-06-26 08:34:49,2026-06-26 08:34:49,
55,GELAGUA,1,2026-06-26 08:34:49,2026-06-26 08:34:49,
56,MESA DE SOM,1,2026-06-26 08:34:49,2026-06-26 08:34:49,
57,PULPITO ACRILICO,1,2026-06-26 08:34:49,2026-06-26 08:34:49,
58,TABLET,0,2026-06-26 08:34:49,2026-06-26 08:34:49,
59,PLOTTER,1,2026-06-26 08:34:49,2026-06-26 08:34:49,
60,HD EXTERNO,1,2026-06-26 08:34:49,2026-06-26 08:34:49,
61,FILMADORA,1,2026-06-26 08:34:49,2026-06-26 08:34:49,
62,RADIO GRAVADOR,1,2026-06-26 08:34:49,2026-06-26 08:34:49,
63,TRIPE,1,2026-06-26 08:34:49,2026-06-26 08:34:49,
64,TRIPE P/ FILMADORA,1,2026-06-26 08:34:49,2026-06-26 08:34:49,
65,CAMERA DIGITAL,1,2026-06-26 08:34:49,2026-06-26 08:34:49,
66,RACK P/ SOM,1,2026-06-26 08:34:49,2026-06-26 08:34:49,
67,TRIPE P/ CAIXA DE SOM,1,2026-06-26 08:34:49,2026-06-26 08:34:49,
68,MODULO AMPLIFICADOR,1,2026-06-26 08:34:49,2026-06-26 08:34:49,
69,PEDESTAL P/ MICROFONE,1,2026-06-26 08:34:49,2026-06-26 08:34:49,
70,BASE P/ MICROFONE,1,2026-06-26 08:34:49,2026-06-26 08:34:49,
71,GRAVADORA DE DVD,1,2026-06-26 08:34:49,2026-06-26 08:34:49,
72,SUPORTE DE TV,1,2026-06-26 08:34:49,2026-06-26 08:34:49,
73,PLASTIFICADORA,1,2026-06-26 08:34:49,2026-06-26 08:34:49,
74,ENCADERNADORA,1,2026-06-26 08:34:49,2026-06-26 08:34:49,
75,TRIPE P/ CAMERA,1,2026-06-26 08:34:49,2026-06-26 08:34:49,
76,IMPRESSORA JATO DE TINTA MONO,0,2026-06-26 08:34:49,2026-06-26 08:34:49,
77,ANTENA DE TV,1,2026-06-26 08:34:49,2026-06-26 08:34:49,
78,CASE P/ HD EXTERNO,1,2026-06-26 08:34:49,2026-06-26 08:34:49,
79,MAQUINA DE ESPUMA,1,2026-06-26 08:34:49,2026-06-26 08:34:49,
80,MULTIFUNCIONAL JATO DE TINTA MONO,0,2026-06-26 08:34:49,2026-06-26 08:34:49,
81,CARREGADOR DE PILHAS,1,2026-06-26 08:34:49,2026-06-26 08:34:49,
82,IMPRESSORA DE ETIQUETAS,0,2026-06-26 08:34:49,2026-06-26 08:34:49,
83,GABINETE P/ IMPRESSORA,1,2026-06-26 08:34:49,2026-06-26 08:34:49,
84,MAQUINA DE FUMACA,1,2026-06-26 08:34:49,2026-06-26 08:34:49,
85,NANO STATION,1,2026-06-26 08:34:49,2026-06-26 08:34:49,
86,LUMINARIA,1,2026-06-26 08:34:49,2026-06-26 08:34:49,
87,LOUSA DIGITAL,1,2026-06-26 08:34:49,2026-06-26 08:34:49,
88,CALCULADORA ELETRICA,1,2026-06-26 08:34:49,2026-06-26 08:34:49,
89,ALL IN ONE,0,2026-06-26 08:34:49,2026-06-26 08:34:49,
90,IMPRESSORA DE PULSEIRAS,0,2026-06-26 08:34:49,2026-06-26 08:34:49,
91,CARRINHO P/ TRANSPORTE DE EQUIPAMENTOS,1,2026-06-26 08:34:49,2026-06-26 08:34:49,
92,MODEM,1,2026-06-26 08:34:49,2026-06-26 08:34:49,
93,CELULAR,0,2026-06-26 08:34:49,2026-06-26 08:34:49,
94,REFILADORA,1,2026-06-26 08:34:49,2026-06-26 08:34:49,
95,APRESENTADOR DE SLIDES,1,2026-06-26 08:34:49,2026-06-26 08:34:49,
96,ADAPTADOR,1,2026-06-26 08:34:49,2026-06-26 08:34:49,
97,TELEFONE,0,2026-06-26 08:34:49,2026-06-26 08:34:49,
98,MAQUINA DE SOLDA,1,2026-06-26 08:34:49,2026-06-26 08:34:49,
99,OSCILOSCOPIO,1,2026-06-26 08:34:49,2026-06-26 08:34:49,
100,IMPRESSORA DE CARTOES,0,2026-06-26 08:34:49,2026-06-26 08:34:49,
101,EXTENSOR USB,1,2026-06-26 08:34:49,2026-06-26 08:34:49,
102,GAVETA P/ HD,1,2026-06-26 08:34:49,2026-06-26 08:34:49,
103,REMOTEPLAY,1,2026-06-26 08:34:49,2026-06-26 08:34:49,
104,TRANSCORTEC,1,2026-06-26 08:34:49,2026-06-26 08:34:49,
105,PULVERIZADOR,1,2026-06-26 08:34:49,2026-06-26 08:34:49,
106,ALICATE,1,2026-06-26 08:34:49,2026-06-26 08:34:49,
107,MULTIMETRO,1,2026-06-26 08:34:49,2026-06-26 08:34:49,
108,CORTADOR DE CHIPS,1,2026-06-26 08:34:49,2026-06-26 08:34:49,
109,MESA P/ ESCRITORIO,1,2026-06-26 08:34:49,2026-06-26 08:34:49,
110,ACCESS POINT,1,2026-06-26 08:34:49,2026-06-26 08:34:49,
111,VIDEO WALL CONTROLLER,1,2026-06-26 08:34:49,2026-06-26 08:34:49,
112,GPS DE MAO,1,2026-06-26 08:34:49,2026-06-26 08:34:49,
113,TRIPE P/ PROJETOR,1,2026-06-26 08:34:49,2026-06-26 08:34:49,
114,FLIP CHART,1,2026-06-26 08:34:49,2026-06-26 08:34:49,
115,VENTILADOR,1,2026-06-26 08:34:49,2026-06-26 08:34:49,
116,TOTEM MULTIMIDIA,1,2026-06-26 08:34:49,2026-06-26 08:34:49,
117,ASPIRADOR CLINICO,1,2026-06-26 08:34:49,2026-06-26 08:34:49,
118,CANETA P/ ASSINATURA DIGITAL,1,2026-06-26 08:34:49,2026-06-26 08:34:49,
119,BEBEDOURO,1,2026-06-26 08:34:49,2026-06-26 08:34:49,
120,REFRIGERADOR,1,2026-06-26 08:34:49,2026-06-26 08:34:49,
121,LUPA,1,2026-06-26 08:34:49,2026-06-26 08:34:49,
122,MACACO HIDRAULICO,1,2026-06-26 08:34:49,2026-06-26 08:34:49,
123,RESPIRADOR DE OXIGENIO,1,2026-06-26 08:34:49,2026-06-26 08:34:49,
124,THINKCENTRE,0,2026-06-26 08:34:49,2026-06-26 08:34:49,
125,TOTEM COM TABLET,1,2026-06-26 08:34:49,2026-06-26 08:34:49,
126,RACK,1,2026-06-26 08:34:49,2026-06-26 08:34:49,
127,PATCH PANEL,1,2026-06-26 08:34:49,2026-06-26 08:34:49,
128,ORGANIZADOR DE CABOS,1,2026-06-26 08:34:49,2026-06-26 08:34:49,
129,REGUA DE TOMADAS P/ RACK,1,2026-06-26 08:34:49,2026-06-26 08:34:49,
130,ANTENA DIGITAL,1,2026-06-26 08:34:49,2026-06-26 08:34:49,
131,COMPRESSOR,1,2026-06-26 08:34:49,2026-06-26 08:34:49,
132,PARAFUSADEIRA,1,2026-06-26 08:34:49,2026-06-26 08:34:49,
133,LEITOR DE CD/DVD,1,2026-06-26 08:34:49,2026-06-26 08:34:49,
134,FILTRO DE LINHA,1,2026-06-26 08:34:49,2026-06-26 08:34:49,
135,NAS STORAGE,1,2026-06-26 08:34:49,2026-06-26 08:34:49,
136,BANDEJA P/ RACK,1,2026-06-26 08:34:49,2026-06-26 08:34:49,
137,ROTULADOR,1,2026-06-26 08:34:49,2026-06-26 08:34:49,
138,REPETIDOR WIFI,1,2026-06-26 08:34:49,2026-06-26 08:34:49,
139,FRIGOBAR,1,2026-06-26 08:34:49,2026-06-26 08:34:49,
140,SUPORTE DE MONITOR,1,2026-06-26 08:34:49,2026-06-26 08:34:49,
141,EXTENSAO ELETRICA,1,2026-06-26 08:34:49,2026-06-26 08:34:49,
142,JOGO DE LUZ,1,2026-06-26 08:34:49,2026-06-26 08:34:49,
143,SOPRADOR TERMICO,1,2026-06-26 08:34:49,2026-06-26 08:34:49,
144,CONVERSOR DIGITAL,1,2026-06-26 08:34:49,2026-06-26 08:34:49,
145,KIT DE CONFERENCIA,1,2026-06-26 08:34:49,2026-06-26 08:34:49,
146,PROCESSADOR DE DOCUMENTOS ADF,1,2026-06-26 08:34:49,2026-06-26 08:34:49,
147,SUPORTE DE IMPRESSORA,1,2026-06-26 08:34:49,2026-06-26 08:34:49,
148,CADEIRA DE ESCRITORIO,1,2026-06-26 08:34:49,2026-06-26 08:34:49,
149,FINALIZADOR DE DOCUMENTOS,1,2026-06-26 08:34:49,2026-06-26 08:34:49,
150,GRAVADOR DIGITAL DE VIDEO,1,2026-06-26 08:34:49,2026-06-26 08:34:49,
151,MINI PC,1,2026-06-26 08:34:49,2026-06-26 08:34:49,
152,ALIMENTADOR DE PAPEL,1,2026-06-26 08:34:49,2026-06-26 08:34:49,
153,KIT DE INTERNET,1,2026-06-26 08:34:49,2026-06-26 08:34:49,
154,TERMOMETRO E HIGROMETRO,1,2026-06-26 08:34:49,2026-06-26 08:34:49,
155,ESTUFA AQUECEDORA DE FOLHAS,1,2026-06-26 08:34:49,2026-06-26 08:34:49,
156,TORRE DE CARREGADOR USB,1,2026-06-26 08:34:49,2026-06-26 08:34:49,
157,MESA P/ IMPRESSORA,1,2026-06-26 08:34:49,2026-06-26 08:34:49,
158,TESTADOR E LOCALIZADOR DE CABO DE REDE,1,2026-06-26 08:34:49,2026-06-26 08:34:49,
159,LEITOR DE CARTAO,1,2026-06-26 08:34:49,2026-06-26 08:34:49,
160,SUPORTE DE NOTEBOOK,1,2026-06-26 08:34:49,2026-06-26 08:34:49,
161,TRIPE P/ TV,1,2026-06-26 08:34:49,2026-06-26 08:34:49,
162,MICROONDAS,0,2026-06-26 08:34:49,2026-06-26 08:34:49,
163,BASTAO DE LED,1,2026-06-26 08:34:49,2026-06-26 08:34:49,
164,BANDEJA P/ IMPRESSORA,1,2026-06-26 08:34:49,2026-06-26 08:34:49,
165,THINKSMART HUB,0,2026-06-26 08:34:49,2026-06-26 08:34:49,
166,THINKSTATION,0,2026-06-26 08:34:49,2026-06-26 08:34:49,
167,MODULO INTERATIVO,1,2026-06-26 08:34:49,2026-06-26 08:34:49,
168,SUPORTE DE PROJETOR,1,2026-06-26 08:34:49,2026-06-26 08:34:49,
169,BANDEJA ADICIONAL,1,2026-06-26 08:34:49,2026-06-26 08:34:49,
170,IMPRESSORA CODIGO DE BARRAS,0,2026-06-26 08:34:49,2026-06-26 08:34:49,
171,IMPRESSORA,0,2026-06-26 08:34:49,2026-06-26 08:34:49,
172,BANDEJA PARA IMPRESSORA,1,2026-06-26 08:34:49,2026-06-26 08:34:49,
173,MINI RACK,1,2026-06-26 08:34:49,2026-06-26 08:34:49,
174,GABINETE PARA IMPRESSORAS,1,2026-06-26 08:34:49,2026-06-26 08:34:49,